mql_id,landing_page_id,origin,seller_id,business_segment,lead_type,lead_behaviour_profile,has_company,has_gtin,business_type,bool_declared_monthly_revenue,bool_declared_product_catalog_size,bool_average_stock,days2conversion,rfm_score
a555fb36b9368110ede0f043dfc3b9a0,2f08471dfb83baef522f952438a36f6e,8,bbb7d7893a450660432ea6652310ebb7,6,0,2,2,2,3,0,0,0,34,2.0
f5fee8f7da74f4887f5bcae2bafb6dd6,22c29808c4f815213303f8933030604c,7,21e1781e36faf92725dde4730a88ca0f,10,6,5,2,2,3,0,0,0,3,2.0
c3e30ed7ac989117c7e1e719b4ac128f,e492ee5eaf1697716985cc6f33f9cd9b,0,92d7568ad0c5c76fd7d341b2d46f24d6,7,5,9,2,2,3,0,0,0,55,2.0
a90a37898cc5f2718385a2fb981caaff,58326e62183c14b0c03085c33b9fdc44,9,0b28859cd04d23edefee9c591fb03cd8,19,2,2,2,2,3,0,0,0,17,2.0
4e4e70d504b4c0006c8287dedc99d0fc,88740e65d5d6b056e0cda098e1ea6313,9,f7a0d94e966c5665355a182d5b199fcf,8,5,0,2,2,3,0,0,0,24,2.0
67455a0673f5cf26deae5b270c003e83,30077c17f2ec5010a82e37ad8925b95f,0,e7012030d0fdd1d3ca504f6de7909c35,32,4,9,2,2,3,0,0,0,142,2.0
bae38661a27f6228ba38c36e766ed769,88740e65d5d6b056e0cda098e1ea6313,9,6a6b1614baaaf766293c17d8cb8c5a9d,31,0,0,2,2,3,1,1,1,204,2.0
9878253904482726e741460a99adba86,22c29808c4f815213303f8933030604c,4,92d46311e4fa7583d14c351fdc881af6,11,0,5,2,2,0,0,0,0,4,2.0
1f4e960dc47c49ab5c2a495e00055f64,40dec9f3d5259a3d2dbcdab2114fae47,4,8c45b4bc4b5c1e2a4e789b4466a39b77,4,2,5,2,2,3,0,0,0,54,2.0
05d287893f5f083739da863da2c4b6f8,58326e62183c14b0c03085c33b9fdc44,9,49f6ca9231352dedda1ad1176ce70531,15,6,0,2,2,3,0,0,0,18,2.0
2552a7b886c1710f36be92ac29b1362d,b76ef37428e6799c421989521c0e5077,10,efa89b428cbc422ba9313b4fc6feafc7,9,3,5,2,2,0,0,0,0,38,2.0
59c0665c39a2bb9c8776d66f4e8b8f66,30077c17f2ec5010a82e37ad8925b95f,0,cb3666965a560e723403683bd378a5f7,20,5,5,2,2,0,0,0,0,43,2.0
9a6b65aedf8177783035f3a53ca21ed1,8515f4df7468489ed6bced112f86e360,4,0975b0dd18febd1008391fa53dff0891,24,5,2,2,2,0,0,0,0,7,2.0
c34eb63cd098bf4be03d53462d7ecba2,22c29808c4f815213303f8933030604c,10,3525be8392a4fa3274c459bcfee41eef,11,6,0,2,2,3,0,0,0,116,2.0
72e81de94dfc0373b006ca75e9c851a1,241f79c7a8fe0270f4fb79fcbbcd17ad,7,2f1e89e231b096f4ff1f55dfe8607a7b,7,5,0,1,2,3,0,1,1,252,2.0
1cbfa9c878ef8692c1ae21e4cfa11000,40dec9f3d5259a3d2dbcdab2114fae47,7,90269579385b838ce9bd577dcec278a4,26,0,0,2,2,0,0,0,0,5,2.0
a8d2884db49e0769ad4a0b8dce2e143c,b76ef37428e6799c421989521c0e5077,10,d65f74c704563bcb8baa915fbf8cfa1e,15,5,0,2,0,3,1,1,0,210,2.0
20fcec0873b39b4df3df34140d77d6e7,22c29808c4f815213303f8933030604c,4,cee3c487c56d29554a22d112af618301,23,8,0,0,0,2,1,1,1,306,2.0
0a1643cb73c25878cc845d5594059afe,22c29808c4f815213303f8933030604c,4,ae9d6bb89361dff26edbccc7e1c2911d,9,3,0,2,2,0,0,0,0,10,2.0
92c7eacf759c266a7663d63876d84223,b76ef37428e6799c421989521c0e5077,10,da3eab58892c04039f4cd5ecb09ae260,17,2,2,2,2,0,0,0,0,0,2.0
413e4eb37de01f40522e28ecdc268639,22c29808c4f815213303f8933030604c,10,d9d057968270cdb30c14cba606d5dc90,6,5,5,2,2,3,0,0,0,76,2.0
c1e598764329cc9c377ef1d029be8ceb,22c29808c4f815213303f8933030604c,4,d4dcd3a31f5f19aea2f258a568517a4f,10,0,5,2,2,0,0,0,0,18,2.0
9cca8d684240e24dd459f2d439fae30c,b76ef37428e6799c421989521c0e5077,10,28760737b4b82d4479ddff8db5e9f71f,26,5,0,2,2,0,0,0,0,13,2.0
0d99b130d767e50e22b528261ffe5550,22c29808c4f815213303f8933030604c,4,0dccb6973ef48a00fbcccfe907181ab0,11,3,0,2,2,3,0,0,0,13,2.0
2c5d0b35798bffadf8f67ef0af84d183,b76ef37428e6799c421989521c0e5077,10,93a55b2252867fd7df54c78cbd5c6d95,8,2,0,2,2,3,0,0,0,10,2.0
e5860ae00103b3869a25d940345bf0fd,b76ef37428e6799c421989521c0e5077,10,1185ae3e5ac0463c854dad54fc8fc9e1,3,0,0,2,2,0,0,0,0,3,2.0
1030d227d3fe9ed0555666c4ffd14ab1,88740e65d5d6b056e0cda098e1ea6313,9,5cc5fe3c6e303fb7656ee7b0ca21ed58,20,6,0,2,2,3,0,0,0,30,2.0
a55b94066766f2d29fc22a3bb52d78f6,40dec9f3d5259a3d2dbcdab2114fae47,7,5181ea7b0d346ed14c5c07f0ff22b2b4,32,4,0,2,2,3,1,1,1,198,2.0
77abef21c838da55e14ffc88016ce91f,22c29808c4f815213303f8933030604c,4,eba08391609dfda5c016fdd264f9383b,17,5,5,2,2,3,0,0,0,7,2.0
46d9834fa62209a6504b2aabe46d7bfb,22c29808c4f815213303f8933030604c,4,8b3317388df29d5fa94360a486ad3356,6,5,0,2,2,3,0,0,0,10,2.0
048bb2f901e2c6f99bc9d26b78b47129,40dec9f3d5259a3d2dbcdab2114fae47,7,fc813dd7e04b8a1c9c10e8e9c10cd5f9,21,0,0,2,2,3,0,0,0,32,2.0
58caf27a48e7930aefd5437298d64a70,65d9f9d71e562365e8b44037c2888d98,7,922f6795c9e65f2485d4e63af76586ff,4,5,1,1,1,3,1,1,1,182,2.0
2b094148a9d10109b903715267c4dd14,b76ef37428e6799c421989521c0e5077,10,224167f6e956da2f71c0e8dbdaa8bbf0,7,2,2,2,2,3,0,0,0,12,2.0
a15880813bd2f137e9f6922cbb7255bf,e492ee5eaf1697716985cc6f33f9cd9b,7,7e417525a6ce49b708fd384e580fe3c4,17,5,0,2,2,0,0,0,0,14,2.0
3bcc8997df233ab581f30dd65f14698c,04a75b75d5f4f3a16b0178fbe382da00,10,b6cac2bb2d83cae903e336e6a993c795,6,4,0,2,2,3,0,0,0,12,2.0
d0b2ef3bdc9ed0fce3d672ec52dc9c00,b76ef37428e6799c421989521c0e5077,10,45dfe11016c782d99a19f93dd34c300d,6,5,0,2,2,3,0,0,0,11,2.0
902a621ebb8a96c516d34a58334eb0ee,b76ef37428e6799c421989521c0e5077,10,2aef4c8187ab057d6f1b7e0e636aa481,8,3,5,2,2,3,1,1,0,316,2.0
a1ad46372861ecf61fdab04c7bf5082e,146e076b71a6ca8c31b34191182a313a,10,8e3338430e8b66d28aa88fa892a00063,17,6,0,2,2,3,0,0,0,5,2.0
7893b5468710641ad87f8b4aa1b8777d,22c29808c4f815213303f8933030604c,4,3084dcdea01fe4f2d556540e6b2e873d,8,0,0,2,2,3,0,0,0,15,2.0
4ddc45a9de1065695a90e87be37471c0,1ceb590cd1e00c7ee95220971f82693d,4,9d590e1df0faffd9ceaa1f0f0ea9af2f,1,5,9,1,1,3,0,1,1,169,2.0
d2c1295f655a2d436edda96084211820,e42a14209c69c3e9cc6b042620465f12,2,f49987b20beada69981c57899ffd1095,18,5,9,2,2,3,0,0,0,93,2.0
1cfef7cfd8d26b1ecb8b0eccca6366ca,b76ef37428e6799c421989521c0e5077,10,5cb4a72356883c59790dc8309cddea2f,17,5,5,2,2,0,0,0,0,6,2.0
5931bbfb35cc483290f5dd6a9fda8ee5,35c9b150ab36fe584c1f24fd458c453a,9,0db0dce302e414422ed38aabd133ae04,11,0,9,2,2,0,0,0,0,43,2.0
7281f75a3496aa1e3643f44cd5773a65,27cd3540bace1f4a4b2bc6d319b0553c,10,309405cfad0d11cd1ec6bb5d02c70c6b,8,4,0,2,2,0,0,0,0,21,2.0
1fcceea4a8f4e128f39d1fe92d66a0d9,b76ef37428e6799c421989521c0e5077,10,e52d2f15bba4aff8a1e2bd12b40fdfbc,19,1,0,2,2,3,0,0,0,87,2.0
1e2a84cd1c6fcd7b7a07f49f1cf7f6cc,22c29808c4f815213303f8933030604c,4,f4009c6b30765309a251c26bc458e0e5,31,0,4,1,1,3,0,0,1,91,2.0
b5372c821691eff5fb470f33af079a64,ce1a65abd0973638f1c887a6efcfa82d,0,42fac6337d0f14ecdc18a82bfe6dd076,19,0,5,2,2,3,0,0,0,4,2.0
165d6a6256273a3430fa4891413ac2f0,f017be4dbf86243af5c1ebed0cff36a2,4,e0cfd7ece071eb006b1670ea64d0904e,8,2,0,2,2,3,1,1,0,200,2.0
de1dbe3b8d524c96d50c30f2467c4bc6,22c29808c4f815213303f8933030604c,4,841fba8f46ab4edd1bb086f53735000e,6,7,0,2,2,3,0,0,0,4,2.0
4e6e15ac583426150b75fc9b2951c7b1,65d9f9d71e562365e8b44037c2888d98,7,a333655afd62d4ef51f55ac7c58abb34,6,4,9,2,2,3,0,0,0,111,2.0
f9c43d70a22ac65ce5fa816a4c34f8f0,40dec9f3d5259a3d2dbcdab2114fae47,7,784fca1939f4ad6c73be249a80b17d18,2,6,9,2,2,0,0,0,0,44,2.0
67c34b9630469b3c13b7982316ffe7a1,a623837d6a3000b3cd020295728e8252,3,6e985a12b7b98f0a15b7bf90cc882f61,18,0,5,2,2,3,0,0,0,6,2.0
1124225a47b3f07185073f3df3b449bf,58326e62183c14b0c03085c33b9fdc44,9,faf3ee2764599d114d7e8f25d4c19845,17,4,9,2,2,3,1,1,0,113,2.0
4144092976e61a9c32e1c7b205d85452,872eb32141128a5320bfe7b8cf80fc14,4,ba56ae8ab7eb61b0c3f064f9661eb15c,5,5,5,2,2,0,0,0,0,17,2.0
7c68935a1dfb1fc8fb714797e7cbf805,b76ef37428e6799c421989521c0e5077,10,6267923376872bb45a1c804aed0f1e73,19,0,2,2,2,0,0,0,0,5,2.0
fc0a87e43ede1f423412583293815598,22c29808c4f815213303f8933030604c,8,90c523952c5622d268addb6d93a7212f,1,3,0,1,1,3,0,1,0,96,2.0
57648ec099f2451be828fb2e27d8f46a,58326e62183c14b0c03085c33b9fdc44,9,0ab97fdbae52ec0e877efdf9b310528e,10,5,0,2,2,3,0,0,0,5,2.0
d768d7e09a6f9ff4146a1659635cf304,b76ef37428e6799c421989521c0e5077,10,f233b575e585413f12fe2f847d922447,19,4,9,1,0,3,1,1,1,340,2.0
cdb36ea731ecf2d69881eaff7220b10e,5c6c41289f4d77b9b32fb6a5e2106edb,7,7d2af2d0dc5a86742cda2e5da38c1ac7,1,5,5,2,2,3,0,0,0,151,2.0
06bc22c1b089be523e97524b67084ca0,b76ef37428e6799c421989521c0e5077,10,71729348559edea55a3e7a2bc2a2986d,15,5,0,2,2,0,0,0,0,6,2.0
6dcca2f79e4a4672f7c91f58385b4582,9fa37f5177115156b1814ffc237402a6,7,94eead2f1cdacbf7ba5c5a0bdbe4cf1f,19,2,9,2,2,3,0,0,0,3,2.0
e73083572cc595460842f5090da94662,40dec9f3d5259a3d2dbcdab2114fae47,7,facd538cb53fa082bffaeee65521020a,6,2,2,2,2,3,1,1,1,144,2.0
6fba9ab96aa12c4c9d01e74b66a74485,b76ef37428e6799c421989521c0e5077,4,09c34a8e333be37851747c27525a4e53,26,6,2,2,2,3,0,0,0,21,2.0
83d5aac46c097426773520489cda201c,ce1a65abd0973638f1c887a6efcfa82d,7,a28120fc27b206d3bc355b57040baf7a,1,0,0,2,2,3,0,0,0,14,2.0
288ba9abad93ef50e6a76089ae84aab3,346137f3e0157d94372d1cafc5675908,4,a8fee0ab6206634206f782c32e41a2a4,15,5,0,1,1,3,1,1,1,85,2.0
d6137197f40a5b7916e5e9cbbbab739e,22c29808c4f815213303f8933030604c,4,f887581ec486ee8eec9ed933310848e0,6,5,0,2,2,3,0,0,0,247,2.0
bd0027406f48f714d12dc1de747133cf,22c29808c4f815213303f8933030604c,4,f89e46b812b06f22508f89873565ce6c,11,2,5,2,2,3,0,0,0,94,2.0
d6140c51d9f0507b9a747e63e335be7d,22c29808c4f815213303f8933030604c,4,ce9d7ae0d0fe0a747bc46cf3f089cfaa,1,0,0,2,2,3,0,0,0,29,2.0
8f24f9bb371471be344cdb6fbcd99688,e492ee5eaf1697716985cc6f33f9cd9b,4,c6d5704d1ed91beed0114bcd9d3367bb,17,3,5,2,2,0,0,0,0,53,2.0
1bd7d4eac464cde6f86349cbe0d61385,ce1a65abd0973638f1c887a6efcfa82d,4,049197f741ca0cde891420fc72fba3e5,26,2,0,2,2,3,0,0,0,47,2.0
a85d745228d0257adc11fd790a31cee5,88740e65d5d6b056e0cda098e1ea6313,9,116e5ef667d05e59c8b95acd02670ff3,15,6,0,2,2,3,0,0,0,31,2.0
4952d2ac78b534c78d7a21c60a236e4c,b76ef37428e6799c421989521c0e5077,10,41b9c7bfadf5f42b93b7bfbae1b84494,1,6,5,2,2,3,0,0,0,11,2.0
e73b38ff519142fdc3723ddf4a3a5825,b76ef37428e6799c421989521c0e5077,10,11a559e252a8d167a8ccea7abcf357f3,8,5,5,2,2,0,0,0,0,7,2.0
eea8870139b7780b13870d4299006da2,22c29808c4f815213303f8933030604c,4,cec13d4723ba59aae2a6663b99129a49,6,5,0,2,2,3,0,0,0,6,2.0
271a299f0893b2173e77162c5c768b89,1ceb590cd1e00c7ee95220971f82693d,7,0ca9bd8db4679bc89692acdfcd96b6c4,15,4,0,2,2,3,0,0,0,4,2.0
1b061b1cec6b5898e5326992d9461610,22c29808c4f815213303f8933030604c,4,351cc0833086e30c04f3b0a15dbc3e93,19,4,0,2,2,3,0,1,1,172,2.0
3f2a136272ab1bc4ee09e0695becffd1,58326e62183c14b0c03085c33b9fdc44,9,6c6d00f0561125a66cffac53cfe3f913,10,3,9,2,2,0,0,0,0,99,2.0
f49a02e0f135ae9f2bcf60f55bcd0174,ce1a65abd0973638f1c887a6efcfa82d,4,f212a20c700f5a7c3d4de5ef38e02c42,1,5,0,1,1,3,0,0,1,216,2.0
107fce5988735e531cae0da812db9a62,65c9e96d17d8d12bc0ad3b2cde0bb8b7,5,e979bb42fb660609fe056a6bea03761f,20,6,0,2,2,3,0,0,0,1,2.0
e903c166f2335f821f495e4419b4821b,30077c17f2ec5010a82e37ad8925b95f,4,bcafb8538edd43b166274b25c60b7458,1,4,0,2,2,3,0,0,0,312,2.0
2b736f73615495dbfc8c911ef6378747,c70eb6fb5bd6e939b0d5ef32f21f61e8,8,abcb0f101902cd0ca5bfddc35ddab560,17,5,5,2,2,0,0,0,0,132,2.0
d8de81eff6dfe582a05bc6981879f01a,b76ef37428e6799c421989521c0e5077,10,f85612e1b253b37d88329fdc16e8f32f,26,4,0,2,2,3,0,0,0,5,2.0
a552e1db6a1c7dbac243c72a8d3140bb,22c29808c4f815213303f8933030604c,4,def312fb44a52de894acf688498ce1fc,17,5,5,2,2,0,0,0,0,4,2.0
a93dc621a446eb77129989e557dd50d0,87732658ba41d8775e8577df347a64db,10,ec5b3cd9d6bf0a880edfda73562a7cea,22,0,5,2,2,3,0,0,0,296,2.0
e911087c91c63c9d3e7ee83e372d10f7,88740e65d5d6b056e0cda098e1ea6313,9,1997c740529040d6a2244d2e818acb50,1,4,9,2,2,3,0,0,0,37,2.0
6a10f542e6f79265c34a405dbc928e37,22c29808c4f815213303f8933030604c,4,6fcc97197c64771f3c18aea3aa9d3913,8,0,0,2,2,0,1,1,0,155,2.0
4a907eba6a8d0223e39ee7d45672e26b,090ffa1062e6dde353c36524563acefc,4,75fe775fe1a7ad296e77ea7e66b35ac3,17,2,0,2,2,3,0,0,0,65,2.0
1e8e96e5a2857a7645534e99f20928b7,22c29808c4f815213303f8933030604c,0,9e545d0501bd685bba148d9f631093f1,8,4,5,2,2,3,0,0,0,29,2.0
8cfebc3e119ed2fe0dd172eb59b0a595,c6f28f804cf6330e6de735ef6e6fe95c,7,40105cb0aec41563d24ccc7b90ae7083,17,0,0,1,1,0,1,1,1,180,2.0
bf3e0df27b04abb4c107ab4df9955b29,241f79c7a8fe0270f4fb79fcbbcd17ad,7,b1116e9a35b2fa91eb4a0af8e73cdc3a,29,0,4,2,2,0,0,0,0,97,2.0
853beae72ddb4f7a9b8c7c50dc0127e2,2feec85dc487b235304e69f08fed3a39,10,17595577347283c0140226df762e2e6b,4,5,0,2,2,3,0,0,0,92,2.0
3b9c2023b5da0ffe9aa0a39285c836c6,22c29808c4f815213303f8933030604c,6,d7cb3f744255259a4ded02cb354f5bcf,17,5,5,2,2,0,0,0,0,48,2.0
fe1fa775d818957a76304c35e1939355,22c29808c4f815213303f8933030604c,4,618b0524377e106190c0c91cacdb4b78,6,5,0,2,2,3,0,0,0,0,2.0
5641240ccf2611004c76234f4afb8f90,b76ef37428e6799c421989521c0e5077,10,231e2c768bf979ec59ff743f16a442ce,1,0,5,2,2,3,0,0,0,126,2.0
bfaf03e3d41e25b94457fadfbc4521eb,22c29808c4f815213303f8933030604c,4,b0289c0c1f9f84008e7b4dbf795c4676,21,6,5,2,2,3,0,0,0,10,2.0
9675f0018d103531e073a3da2945df41,b76ef37428e6799c421989521c0e5077,10,b0ec35adb04cfa85d3e0ff3f79c186a3,18,0,2,2,2,0,0,0,0,3,2.0
3172362312fcf09d96f02125f66b74f5,e492ee5eaf1697716985cc6f33f9cd9b,7,fa7cc273072520346449b9e89329768a,1,3,0,1,1,3,0,0,1,101,2.0
1accc1c92278a9bc2bbc6a8002026b25,649b7b8b46b254497e92038d88f6ced8,9,7df961ce758538004de6db0f5b9d7b6f,17,6,0,2,2,3,0,0,0,9,2.0
0e327f32dbb22d433600688b7e9af0db,40dec9f3d5259a3d2dbcdab2114fae47,7,cee4320453079d554562dee0753d7d43,15,5,6,1,1,3,1,1,1,88,2.0
3db893ff5d6c0e9dccfed451a741853f,007f9098284a86ee80ddeb25d53e0af8,4,21f3118106d69d16dfe7d5aaf37cb242,6,4,1,1,1,3,0,0,1,335,2.0
626dc1c3716c817b064632fded168e35,b76ef37428e6799c421989521c0e5077,4,b5e7d871b063f34de611e8b448e63f2e,15,2,2,2,2,0,0,0,0,7,2.0
4433c8475916d6e6ebb8cf4994d2f1d1,e873d2cf0661d3eaf417b952c7147578,2,04ed0495537199603d4930fc5c0dd026,1,2,0,2,2,3,0,0,0,30,2.0
667f061b738858573caad66f5cc56b32,a7982125ff7aa3b2054c6e44f9d28522,4,96c1c7f1f24470915da80563cd1202ea,1,5,0,2,2,3,0,0,0,189,2.0
843966e79e757cf797b7dfe514e30af1,22c29808c4f815213303f8933030604c,4,1f74801bb8b05750ce5e7597b685bd13,11,2,2,2,2,3,0,0,0,23,2.0
cf8f0678e67cb002c2b68f9f68629885,241f79c7a8fe0270f4fb79fcbbcd17ad,7,bed6d1f6c4664ab8cf3abf3821727756,8,0,6,2,2,3,0,0,0,24,2.0
e9dcae4d924ac8fff2334db6e5b99482,a7982125ff7aa3b2054c6e44f9d28522,4,51fdd5d43db628fada4588f89aba3e8e,6,2,0,2,2,3,0,0,0,40,2.0
f88920d4589dae7abec2eb05fca153e3,40dec9f3d5259a3d2dbcdab2114fae47,7,026c6180cd86d6069dad573ce69b465e,19,6,2,2,2,0,0,1,1,329,2.0
10b83e434ddcd9c79ad2b9be2fd0aa84,83ccc33d426eab8a3db70bd15aba46b8,9,0691fc6052b1918d775ac6ff8275eb01,17,5,5,2,2,0,0,0,0,141,2.0
dcebacc996ed40656c7097704c600386,22c29808c4f815213303f8933030604c,8,d50f6d198921d51b24544738b29d2b0e,10,0,0,2,2,0,0,0,0,31,2.0
e4dcab5f7c33b62eb67f0a87c1b7f162,58326e62183c14b0c03085c33b9fdc44,9,9485222b0bad29d3b0e860fa5ec1fdd4,8,0,9,1,0,0,0,1,1,175,2.0
9f73f765160d33280216b73b6378c068,007f9098284a86ee80ddeb25d53e0af8,7,28fadc495e06e64b5d15d54959f2cee1,33,7,5,2,2,3,0,0,0,130,2.0
bd0c413c4350a9a29fb9bec5de64e2a6,b76ef37428e6799c421989521c0e5077,10,2aeedd049dc20e7171f43110fd0d6821,8,0,0,2,2,3,0,0,0,68,2.0
409b474080e928bbb5664659407b5947,5dc848e7dd9418dffe183215b8ff0bc1,7,6a60bd6a4afd5fc86b75b47ec502df7b,15,6,0,2,2,3,0,0,0,11,2.0
2b73fd917ee9cc38ec528df06d5b8561,22c29808c4f815213303f8933030604c,7,46bec94e1e0fc413b6adb1d1bd175477,11,6,2,2,2,0,0,0,0,2,2.0
06f38e7909709a72b521a4a9d1c05841,b76ef37428e6799c421989521c0e5077,10,73df8d9e8f8c54d0d42feb9bf58c718c,18,5,5,2,2,0,0,0,0,126,2.0
8928ccba6d94d5f1481c1065330c6066,22c29808c4f815213303f8933030604c,4,dd22fbe4df5d84be25176054640b696d,10,0,0,2,2,0,0,0,0,18,2.0
58b26e6eaeb6ed078b51e6cde7925d71,b76ef37428e6799c421989521c0e5077,10,2aa8585964d74f71e334a6c3de2ddc27,9,6,5,2,2,3,0,0,0,5,2.0
15992174039ff729f588d6c82cf022c1,40dec9f3d5259a3d2dbcdab2114fae47,7,6cd5309bfee39493f71de0350e837b3d,6,2,0,2,2,3,0,0,0,6,2.0
6d78dcbeb39103c047f486abd2519ee4,22c29808c4f815213303f8933030604c,7,366b6b05f39997f102dc5179de14d43c,15,6,9,1,1,3,1,1,1,241,2.0
4fbe9e8a0ace3a44f0a9e1d7fe41da02,22c29808c4f815213303f8933030604c,4,9169e322ad3419286d1e5ee8f1c3b3f0,25,5,2,1,1,3,1,1,1,206,2.0
0b32d6a87c09c32b3cd90dfd5ef5699f,b76ef37428e6799c421989521c0e5077,7,4dd7866cf496e0c2fcfc93a4589dc1be,9,5,0,2,2,1,0,0,0,17,2.0
f63f7107398c54c17b5d14eadfa76842,b76ef37428e6799c421989521c0e5077,0,bc2579cde838eb0fa8477f7efb1298d1,19,2,0,2,2,3,0,0,0,0,2.0
a0604c9d9ef23fbf7cb7be5091201041,ee40ded7dc801923f81ab6dbbf6e5417,10,b7140ce94c4514bf136a2c3f98e0476c,1,6,0,2,2,3,0,0,0,125,2.0
88e3fa7a7462c4ce017655ee2ea2ad46,b76ef37428e6799c421989521c0e5077,7,a50397ac35dc51ce40c4c3117828e4ec,1,0,2,2,2,3,0,0,0,1,2.0
867b587b7c0da5f1af73b47803e60859,241f79c7a8fe0270f4fb79fcbbcd17ad,7,d65d93b215feab3f997441e1e0a98ca5,7,2,0,2,2,3,0,0,0,40,2.0
1e2001dab6238763e58c775cba225a16,b76ef37428e6799c421989521c0e5077,10,85be0b7181c48c393007b0002fdec79c,8,5,0,2,2,3,0,0,0,38,2.0
fef0383cea937628ff95eb48ba1ffd17,0625ca637bf063abf254a66fe91fa84b,4,0fe3372ef9bebf177e6cb95fa0340fb6,8,2,6,2,2,3,0,0,0,120,2.0
f89b10e626692ac7a87c19d69f261db2,ce1a65abd0973638f1c887a6efcfa82d,7,964cb238d75d1e6c6e1f88adcdf14f42,8,5,0,2,2,0,0,0,0,1,2.0
1d0949fd6674f963b44662838ef3ae09,22c29808c4f815213303f8933030604c,4,167bde8a09cb3196874f3f7e2753a98d,32,0,5,2,2,0,0,0,0,22,2.0
8aa7c17161d6a6270218e8a7b0806263,b76ef37428e6799c421989521c0e5077,0,4e0bb097aa0fb4e2f9a146b77698427a,6,2,5,2,2,3,0,0,0,9,2.0
90d2301e323b1809708324229782def2,241f79c7a8fe0270f4fb79fcbbcd17ad,0,77e81c45f03c23a7b43dbb0bdd905dff,15,6,5,2,2,0,0,0,0,4,2.0
790d8fa56e05ff05080e6e66fae0272a,22c29808c4f815213303f8933030604c,4,9e54d45e5f30ed4f296bd25d4edada20,21,6,9,2,2,3,0,0,0,23,2.0
0c117e6a0b3f700bd997a11500a5c2e2,22c29808c4f815213303f8933030604c,4,596d3b6f78d5a703bfce24b801d2fbdb,15,0,9,2,2,3,0,0,0,113,2.0
0338bf13624f52beaca91ec4a23c860c,22c29808c4f815213303f8933030604c,1,667ee4b0aece58908fae3fd1649b7e6c,14,5,2,2,2,1,0,0,0,25,2.0
38427015e9934ea855bd9adcdf32055f,b217afa2c1f4cb502423005639878f6d,7,713a71465d58d5315a36788861dfec4a,31,0,5,2,2,3,0,0,0,17,2.0
c3daacb733cbbe636db5b70ace98d520,22c29808c4f815213303f8933030604c,7,4d54524ebf3e26769edc397a2eb26462,7,7,0,2,2,3,0,0,0,3,2.0
593f4a8705fd0d72d47efb651bdfb135,a7982125ff7aa3b2054c6e44f9d28522,1,8dc50970bc5ef0bf96e6dc401caf0c1c,18,5,2,2,2,3,0,0,0,16,2.0
d57b5430f8c6a9fa9d91cb60bd237336,73f31a40697cc90a86c1273563ac230e,4,3c6b1149911003e599410f60c7735bc6,1,5,0,2,2,3,0,0,0,22,2.0
3505514e9f9ba3724fc51cb3278e0e67,b76ef37428e6799c421989521c0e5077,10,9ebf0ac03992f6240c8339820ed03581,29,4,1,1,1,3,0,0,1,254,2.0
fdd68c10c38eb2811cbf1e13bc95b5a1,22c29808c4f815213303f8933030604c,4,65d5e688c5bba88c62953b3a97264d54,18,2,0,2,2,0,0,0,0,8,2.0
f7066703eb3987f21f0d102ea8caaeb5,22c29808c4f815213303f8933030604c,4,013d100f608a64ec8275c038aedeb064,11,7,5,2,2,3,0,0,0,74,2.0
54007efbb2ae51f02c995466f0738caa,ce1a65abd0973638f1c887a6efcfa82d,4,7d91f9d655df761fd0cf119733a61e74,25,5,0,1,1,3,0,1,1,92,2.0
1991b2c8479598ad84ed59f5446bb589,b76ef37428e6799c421989521c0e5077,10,77d0bfeb12a6711682cc61a508f87313,15,3,0,2,2,3,0,0,0,6,2.0
0c28423a88b5dbffd0d1ee2aec41efd0,0218f6be0b76aca72ab4d00ee9e8cf10,4,c0199604c0ca0863cd20b95aadd24427,27,5,2,2,2,3,0,0,0,1,2.0
af1ea7c59c7e37f0b95b48bc972ceb67,b76ef37428e6799c421989521c0e5077,10,7461606ae81596a71b8a98fd0f2460b2,18,2,0,2,2,3,0,0,0,0,2.0
6bdffb19c15963b8e630b6a1861b477f,b76ef37428e6799c421989521c0e5077,10,76bf0e3e7d311d9069d4512cc1a232d7,17,6,0,2,2,0,0,0,0,21,2.0
834e43588167648b6f83961cf22f940e,b76ef37428e6799c421989521c0e5077,10,4ff8d644ff76721b86fdc7c75c48d4a6,6,5,0,2,2,3,0,0,0,72,2.0
688026f6edb29cc7c96b287b186b03c9,241f79c7a8fe0270f4fb79fcbbcd17ad,7,59ddca14932ec5557c099a51c4d5a58e,11,6,0,2,2,3,0,0,0,72,2.0
ed1f42da2c5662307df13fe5648b05bf,8999524db83541c7f1ad48906d5d4b86,8,89c4c1dfaab405a37514bda5243b0206,30,6,0,2,2,3,0,1,1,127,2.0
41fb0fd43593de7d24448de9f5aea38e,ea4434c9a6df0098e720204ba3dbb76d,7,b25ec1aff84400104d63eadc3b3052fa,1,2,0,2,2,3,0,0,0,17,2.0
7b27ab2fbcbe3b67935da0694742ed0e,22c29808c4f815213303f8933030604c,4,3917f19baf48b61b7c9a106ea10ad953,29,4,5,2,2,3,0,0,0,18,2.0
70699f79c6aeddeb2d322d7074c2f366,68f817c510c978e3a3a7474ad2aeb75c,7,d84ecc09e7c9517825a219be37aca08b,6,2,6,2,2,0,0,0,0,16,2.0
85fb7822c0e202d4b3bb8c1ad5e0280c,b76ef37428e6799c421989521c0e5077,4,43037711a5c131786d1633e96185d278,26,4,0,2,2,3,0,0,0,0,2.0
99bc9f7d864b6291861728d671d61890,87780f7c05ecd79791bde76af663db15,9,3b2386b23bc4807a467c2ea5770cdd80,19,5,0,2,2,0,0,0,0,190,2.0
0c1a046883bb8a4141228501feece7c1,bdaeb752e5c3caa215ebe04c61e22325,4,c30eb4a935f1ea375393aa691a69b19c,1,5,0,2,2,3,0,0,0,6,2.0
c733f4f772bfa7b8702ccb81887f8333,1baca9df5850e5ba75545d8b2eb8d966,7,77d81755dbf8e62faa0fb683e1a802c6,16,7,0,2,2,3,0,0,0,15,2.0
a7949e3bfe0d90df9ba1700365ac42c9,22c29808c4f815213303f8933030604c,4,4018093c0809ddcb1f633ed5cc3f5eb2,17,5,0,2,2,0,0,0,0,10,2.0
c2bb2199cb1cff125e02122597fbfb29,15cf89bab2c3163b4f9d8601d108f8b2,4,4de7a9f2b6acffd74c9f148f8902b854,33,5,7,1,1,3,0,0,1,181,2.0
b1e32544dc409b126235d7b5bc98246e,b76ef37428e6799c421989521c0e5077,10,92887d76687f9477f1c7f759bc4a225b,18,3,0,2,2,3,0,0,0,8,2.0
5290b66ff9e0c1115614365d8e20f10c,330b9d44078a1ae5a221d655dcb77afa,3,ab2a1539d7cdbddcfb6b568447ed767d,24,5,0,1,1,3,1,1,1,155,2.0
b145d383541b505a53c5715a21385f80,908dad5b22342480f5cc055b8dd55e7e,8,a66aed6f85eb3f719792329338875b72,11,2,0,2,2,3,0,0,0,10,2.0
4c898465f7e0becf53dd933ab2a1b6f9,40dec9f3d5259a3d2dbcdab2114fae47,7,08083b94b3c7e0847502a026125dbfbd,8,7,0,2,2,3,0,0,0,4,2.0
19c777b5bed02ee09375ce374cf653f1,b76ef37428e6799c421989521c0e5077,10,13a6bea45beacabbd2d7551940020653,8,5,0,2,2,0,0,0,0,183,2.0
9e7f111f15db1aa3830cd806660d7b97,b76ef37428e6799c421989521c0e5077,10,80b2f7568a7016771f58c5b981da3ae3,15,0,6,2,2,1,0,0,0,11,2.0
768a02c350549c32585575742d6c29da,22c29808c4f815213303f8933030604c,4,e52a436a49da33527c29e1b5fbd09317,10,0,2,2,2,0,0,0,0,7,2.0
55dbee9943100076f718829ec0359185,22c29808c4f815213303f8933030604c,4,14c9e2cbff9aaf67afd967798a651733,11,4,0,2,2,3,0,0,0,19,2.0
d348734a9ee240ebc4c0937a6e755621,241f79c7a8fe0270f4fb79fcbbcd17ad,7,f0533bc9cc3111a0b2f8198157a34571,15,5,5,2,2,3,0,0,0,16,2.0
9b6e0fb52eba76006d3d11ead82fad4d,330b9d44078a1ae5a221d655dcb77afa,2,ceb123995e945aab9f7c259819f70a2e,8,5,9,1,0,3,1,1,1,210,2.0
cdca41db5ada4bf3e8e608a495066165,40dec9f3d5259a3d2dbcdab2114fae47,4,bf28429c4b2c63d4a66f2a1ef89e7cfa,7,5,0,2,2,3,0,0,0,1,2.0
479f751686a3b7f1783994dd56619558,b48ec5f3b04e9068441002a19df93c6c,4,684ffe8bd167b50565e8546d7a99ec63,17,5,9,2,2,0,0,0,0,8,2.0
b43f5f80ddc7bcfebd6cd94e13554e4a,40dec9f3d5259a3d2dbcdab2114fae47,0,0fca1de8751a104ca87890f19f363d4d,3,6,2,2,2,0,0,0,0,7,2.0
03ba283fed2772f4e477eea4f0f236b8,b48ec5f3b04e9068441002a19df93c6c,4,98d634015211a1cd9b861e59b6d1b79b,10,5,0,2,2,0,0,0,0,18,2.0
9f11e692a2a53a8382be86ee9713763c,22c29808c4f815213303f8933030604c,7,6267b2cd3c8d9bfa2cc778c11d54e76c,20,0,5,2,2,3,0,0,0,49,2.0
f613b01d52b86da04ae810f173d5aaef,35c9b150ab36fe584c1f24fd458c453a,4,f093be9f8ecb3904adb95cbe76434e1c,21,3,0,2,2,0,0,1,0,202,2.0
a045219c760c6f765dfb3c5a6abf54c0,b76ef37428e6799c421989521c0e5077,10,6e1706430e9dda78c8d2d5dd1f36d545,11,0,0,2,2,0,0,0,0,56,2.0
37e3398f030e206491f4a61b69d39faa,a7982125ff7aa3b2054c6e44f9d28522,4,cb9942fc1981289d7e809573bc69c7db,5,6,5,2,2,0,0,0,0,69,2.0
b5d3329593899c7a29511c6110bdc575,a7982125ff7aa3b2054c6e44f9d28522,4,2cadea330183af560c84a87409e5c0e0,6,5,0,2,2,3,0,0,0,35,2.0
56e421575126bfe4c0592353bab5cfe6,35c9b150ab36fe584c1f24fd458c453a,7,1f080fb8ad65b21e195b903bd366ae68,26,5,0,2,2,3,0,0,0,7,2.0
50cd562760a5819b07a9da2239046ef0,22c29808c4f815213303f8933030604c,0,95081451c156a9d11136ecfc5422a20f,6,5,0,2,2,3,0,0,0,4,2.0
888a8ba5a910f3b25c9b95dedfdc04b2,1722481ac9e5371e5099dea226b5421d,4,b30aab8e0bdb2b3876d33df69222cc5b,19,2,9,1,1,3,0,1,0,321,2.0
1160b456c2b0d88893e20daf51f80f39,b76ef37428e6799c421989521c0e5077,4,bd57c88dfa162e7a0f5284a25935af65,17,0,0,2,2,0,0,0,0,42,2.0
da96552c519b38a0d1b5dabc42e6be00,58326e62183c14b0c03085c33b9fdc44,9,b03a9c9814f98280b6d91cb560eeda5b,6,0,2,2,2,3,0,0,0,14,2.0
3fc2d2c3597b3e7b87c17651f98f6c22,58326e62183c14b0c03085c33b9fdc44,9,6514418ce691fad2663207c14a1fc1f4,10,0,0,0,1,3,0,0,1,110,2.0
e633a3d4fb3db2c7665c170c80db6717,22c29808c4f815213303f8933030604c,4,c1319b7d63c25ad7838d268fec93d0fa,1,4,0,2,2,0,0,0,0,171,2.0
29237848f862237c97d24f2cd71f89c9,88740e65d5d6b056e0cda098e1ea6313,9,b6a59a960c14aab3c683a673d03ca2ab,15,2,5,2,2,3,0,0,0,77,2.0
a4caf71cf38708eaf17117f78fa61c9f,e86b0b777206ca8a678f97428603deac,4,871708b5b0c28260241a7ddbcec894c3,32,5,0,2,2,0,0,0,0,38,2.0
e9356c402558dcf285db53208880d47e,e492ee5eaf1697716985cc6f33f9cd9b,7,e9179018f5d095c744e8a333264f99d1,8,0,2,2,2,3,0,0,0,17,2.0
5c490b208aeecdb2af2f4b6fb696a6fe,f017be4dbf86243af5c1ebed0cff36a2,4,5e8fbfbb0b53e303caf57d7408627b73,17,6,0,2,2,0,0,0,0,8,2.0
a397cbaf77babef6e8fbbe9b72c7bee7,b6cd08ac77c501fd6857f7916d2c24f3,8,946a07c34ff7e9eafa2d0ad6c45340ec,8,5,5,2,2,3,0,0,0,39,2.0
abcb67d98a01dcf18478fd47823a8dad,21a104c3279681d9856b8a48723c4fee,10,b3a449163f5fe8657f2f0c83f41e7a5a,32,5,2,2,2,3,0,0,0,6,2.0
8f8161d3a6bdf6a3ba5b28fd35725356,22c29808c4f815213303f8933030604c,4,c03fd7fd50f9f421847d970502fe5d26,9,3,2,2,2,3,0,0,0,2,2.0
2b9eb12abdcf58e92fcf797a1eb2983d,22c29808c4f815213303f8933030604c,4,108ca0788dee2b34051cd325dd9eafed,4,5,0,2,2,3,0,0,0,11,2.0
fa5e2d8f160a9160ba19cf589cdc017b,ce1a65abd0973638f1c887a6efcfa82d,7,cdb142290473bb9442f55741e430682e,17,5,0,2,2,0,0,0,0,33,2.0
1360d3a80eca6292f33a04f7aebb5fee,22c29808c4f815213303f8933030604c,8,12e6ecc830aa50dcace131431d90f426,17,0,0,2,2,0,0,0,0,32,2.0
9375fea0a120ddcc052f02b81cde38fe,ce1a65abd0973638f1c887a6efcfa82d,4,a6a52627793bc24c517d364354c20f6f,17,6,2,2,2,3,0,0,0,10,2.0
7318634fbf3172a58af7c638ddc76184,fa5a0151e1f37d0055a3478fbb48827a,4,bbe9a13ea83539951c8edfc200565bad,17,4,0,2,2,0,0,0,0,6,2.0
963637be23e343ea96024053fdecd723,22c29808c4f815213303f8933030604c,4,e00c0a3af0718a2ecf6618c84cd1b1ff,9,0,0,1,1,3,0,1,1,207,2.0
9b4e84017d08b6576f1282367901c964,b76ef37428e6799c421989521c0e5077,10,8bee95b757e33c86511de3f9311100b9,6,5,9,2,2,3,0,0,0,14,2.0
0d7c4c62f923a1527f1e9e5bb30e5d60,b76ef37428e6799c421989521c0e5077,10,e6bb1e7ea5580c5b9f0970407b3f8c7b,8,5,0,2,2,0,0,0,0,8,2.0
24b23168fdaa0d98e9119081cd4fdd3e,22c29808c4f815213303f8933030604c,4,0b0c50f6ddac7e6e7ed9d513ec122c74,19,6,0,2,2,0,0,0,0,50,2.0
c263e540e76c57607b5e1b613fbc8732,b76ef37428e6799c421989521c0e5077,8,a2fbfee48b1a9b455b126c70e421ec91,13,3,0,2,2,3,0,0,0,5,2.0
3c0e7686e6e39489f6a45f6c7ec0dddb,22c29808c4f815213303f8933030604c,8,7020bbe82544a814b5665a2887119267,15,5,9,2,2,3,0,0,0,87,2.0
010ed37e44e2fdc175b4c5c6c930805a,b6885f18d203a61176418c1fb3764815,7,8c6d188ef073e289887bc52bc37f3e61,1,5,0,1,1,3,1,1,1,192,2.0
b83a52c035258ed43d787106b1765e35,7fa6214d82e911d070f51ef79381b956,4,99a6380f4dd5ed504cd8003d94d0be25,17,1,5,2,2,3,0,0,0,72,2.0
d2ac71782272659e7171150d20d59158,a850a8a187e36cb07a8d06700d141993,3,3387acafd8bea46d73fc50cc9f7e2a9a,7,4,0,2,2,3,0,0,0,1,2.0
b68eec99f3b66e98022e60843901fe3e,88740e65d5d6b056e0cda098e1ea6313,9,45f04cd6eccb0a2ab2ed62d4939ca2d2,19,7,6,2,2,3,0,0,0,7,2.0
3ce39e5e8a82aa26e73fb52221089d5e,ce1a65abd0973638f1c887a6efcfa82d,4,59055625da956ae84296c08491141984,8,5,2,2,2,3,0,0,0,37,2.0
614a4db226bdaf4ffdbf60e37eda9213,7fa6214d82e911d070f51ef79381b956,4,47ff0b75e3609b6b80fbd1450384a623,17,0,0,2,2,0,0,0,0,11,2.0
b53cbe6da81db747a73e52a5a48d2703,b76ef37428e6799c421989521c0e5077,10,87193a47e93a5c1912254392431f524d,15,6,0,2,2,0,0,0,0,3,2.0
a02248212328cdea5940d1c050f6c6e1,649b7b8b46b254497e92038d88f6ced8,9,b12cce16926aca79e4dc5483947792cc,6,5,9,2,2,3,0,0,0,3,2.0
de615d957b9c5f4b8fd48893f7267a15,22c29808c4f815213303f8933030604c,8,98932494b926a74eda339b76ce0b4bc0,30,4,0,2,2,3,0,0,0,0,2.0
50523d9bd9d5d9a44bbc2f778954c5ae,fbc24da54d531c6204ae2d17b1090bb1,7,9966324e28b7fa38165d2d3d12d53b7f,27,4,6,1,1,3,1,1,1,184,2.0
08a7223e876a045d511074e8c9c8e937,649b7b8b46b254497e92038d88f6ced8,9,7cae39bbb9e55772693688c5afd957e6,3,5,0,2,2,3,0,0,0,3,2.0
f1a425f699458e09372b5da49c06fd33,87d670b00a8db612286ba8419cf82e83,7,3b945b144f631e998d7e484cc48b3783,7,6,5,2,2,3,1,1,0,210,2.0
e3c586bec59ecb0430e34fb6bc37fb8d,ce1a65abd0973638f1c887a6efcfa82d,4,28d365edb9c888771df5915b575f8f34,17,3,0,2,2,3,0,0,0,0,2.0
c2174952a0255de7fb31b91a037f1e16,30077c17f2ec5010a82e37ad8925b95f,4,67edf85a314145ec81e546794dbc31cc,8,4,5,2,2,3,0,0,0,6,2.0
6c5532cd89a43796f19e4ac21f3b8c72,ce1a65abd0973638f1c887a6efcfa82d,0,4f6bf26bd1ecc9aa855e9cce6869b566,1,5,9,2,2,3,0,0,0,113,2.0
d94101ad400cbaf86b951c78f8172039,22c29808c4f815213303f8933030604c,4,fc7adf89a5d4fb88c007094fdae351c4,14,4,0,2,2,3,0,0,0,28,2.0
f5f0711534e0b5d69c8e4206dd17cd88,0218f6be0b76aca72ab4d00ee9e8cf10,0,f66425655311542de5db64f27d0d5651,6,5,0,2,2,3,0,0,0,6,2.0
57a80e778f3d755b4f2166e6a60826fd,b76ef37428e6799c421989521c0e5077,10,bea51724befa11664f1d44a92ba8f4c3,20,3,5,2,2,0,0,0,0,86,2.0
5c3fd6f239bbbd47b94fb424c8827b2e,88740e65d5d6b056e0cda098e1ea6313,9,528f22dfa20a3de9375b2b38e49cc617,17,3,2,2,2,3,0,0,0,57,2.0
644b522e92999426ab230d94a4bb4512,88740e65d5d6b056e0cda098e1ea6313,9,e6cf587c2552879f7471e7e8c993ea1c,6,5,9,2,2,3,0,0,0,60,2.0
d2e8ac40dc18011d5ecd890846f36ec1,9c0962a42379157493ed685d19844388,7,503ad3c3811010c6ba4577f411724b13,10,2,2,2,2,3,0,0,0,15,2.0
f9cb3124b5a22b133f21273ef2cb0695,22c29808c4f815213303f8933030604c,9,9e3f08af3b6caa76962b05087eed5425,8,5,2,2,2,0,0,0,0,69,2.0
a244f80bac3293a03b71b032e0e09ce5,22c29808c4f815213303f8933030604c,4,43ac443db8d4fbfb1454aa1364404264,6,5,2,2,2,3,0,0,0,4,2.0
dca7085d5af68e91d19ed7cb75e1dd86,22c29808c4f815213303f8933030604c,4,54212aa507a8696b0766046bd3aecdc3,20,0,0,2,2,1,0,0,0,9,2.0
3efcdd8c4998017c9578b28a059f72e4,ce1a65abd0973638f1c887a6efcfa82d,4,267116eae2e631a965ef86be260f9278,9,6,2,2,2,0,0,0,0,2,2.0
501f06dacc74edd54022151f71c8960b,40dec9f3d5259a3d2dbcdab2114fae47,9,770145ac7913d8d3ace8aa83a1304938,4,5,0,2,2,0,0,0,0,6,2.0
c07c69d716213f5eb297e2721115daca,22c29808c4f815213303f8933030604c,4,cf8ca2db83470a73b7cebdd86ea96fb9,27,0,2,2,2,3,0,0,0,7,2.0
9c6dc3ff593093879a0eaf172f13589a,b76ef37428e6799c421989521c0e5077,10,b6584a94139a5dd427c5b2d918116197,3,6,5,2,2,0,0,0,0,38,2.0
7375737cbc45eaf7c478be2858e294ca,b76ef37428e6799c421989521c0e5077,10,89d394e1e062b0c231c559196aa7e18c,7,2,0,2,2,3,0,0,0,13,2.0
e3ad7bdd4df4a7d9653820d9d67d4e49,b76ef37428e6799c421989521c0e5077,10,2f7c0e24a8a8fa5c807b59f66c2e9637,30,5,0,2,2,1,0,0,0,69,2.0
ed68030ad096167305ee933b382d92f4,b76ef37428e6799c421989521c0e5077,4,81cce42d33ddf3d4f89f1d476b5e35e7,15,0,2,2,2,3,0,0,0,7,2.0
d238f0c1fbf6fccb32a3f8efcf03e3b8,f017be4dbf86243af5c1ebed0cff36a2,4,68c701b433babf6e12018f1a674d3228,17,2,0,2,2,0,0,0,0,2,2.0
012fa44d6752ee07c167165cb8c6f11c,22c29808c4f815213303f8933030604c,10,528e4514f9339c1c3dd7535fd1a2d8cb,17,6,9,2,2,0,0,0,0,1,2.0
ab712090eb9a27881b63080c859147de,b76ef37428e6799c421989521c0e5077,10,18d5b01a5ca858cf540df954e063978d,1,1,5,2,2,3,0,0,0,22,2.0
3d25d97d74b25fda24861545538d0475,0218f6be0b76aca72ab4d00ee9e8cf10,10,ce77b964b9986a57b37b928be67d9959,11,5,9,2,2,3,0,0,0,17,2.0
f220cfabf79009211ae4493c75c742a9,22c29808c4f815213303f8933030604c,4,1b69e7630792e60471efca457d5b57af,14,5,2,2,2,0,0,1,0,112,2.0
67577e94367b2efc073a5c9085a0e31d,ce1a65abd0973638f1c887a6efcfa82d,0,5a4473aa20aec979dea3eee0822165aa,9,2,9,1,1,0,0,1,1,306,2.0
4b28b220ac44eb9727640e0b78cc622c,22c29808c4f815213303f8933030604c,4,573becd44db78cee00182ec4a5594806,19,4,0,2,2,3,0,0,0,161,2.0
9e7dc95c541eb2d8bf26affe1089821f,ce1a65abd0973638f1c887a6efcfa82d,4,b18791c7580856ccf7c72d22acd59873,9,2,2,2,2,3,0,0,0,56,2.0
fca7ac68a9bcfe7ec3a017257471f198,40dec9f3d5259a3d2dbcdab2114fae47,7,48fa294ea8e32148c8dba7a692b72bfc,30,0,0,2,2,3,0,0,0,51,2.0
7ccf00b6949c12d2df1963c60fad4f25,c35447dcd1a50b2e2ee3184be602b597,9,294e164108bc80d8fbf5ee39c448461c,6,2,9,2,2,3,0,0,0,15,2.0
fe7fdf179234f77c4d0ab2ea82a82c52,f98c2bd96ac4a5d9476734e790c91384,4,e19d488f67425e5a884abb42dfa0c458,6,6,0,1,0,3,0,1,0,114,2.0
9064926a39ede3627d76ffcc643bd773,b76ef37428e6799c421989521c0e5077,10,6de5884cc604dc6798577fbf91e86836,20,5,9,2,2,3,0,0,0,6,2.0
44f24b3c093ffe8bb756db22f86a9a2f,330b9d44078a1ae5a221d655dcb77afa,7,ce4f1d45100bd92470c482527f73f72d,27,0,0,2,2,3,0,0,0,14,2.0
b05d4080611fca7960d66263f2b29fa5,40dec9f3d5259a3d2dbcdab2114fae47,7,7d2d952e020034f05b4b7a7222563d89,10,0,5,2,2,0,0,0,0,17,2.0
f593b9ead8801922f74f0a5329e31486,639b8856a99f6e208406b764ba5a7be5,4,e157c96a8e7711636119c6af8e7cf85f,30,5,0,2,2,1,0,0,0,36,2.0
5ca05341418f09367540f05484d0b650,ce1a65abd0973638f1c887a6efcfa82d,4,fdde1d384dea864917f6b8f2d330986e,24,2,5,2,2,0,0,0,0,10,2.0
92732d8798add606646430bbd6748bfd,40dec9f3d5259a3d2dbcdab2114fae47,7,2fc89ae84d3c48eda4b268408f6ad6d7,33,5,2,1,1,3,0,0,1,81,2.0
8aa25d565a8891e68d123138a137622b,83355a82a9cee26f3ba2b186ddb0bbbe,10,bfee0cb1dc3d4e4a2d625daeafaa3d3e,26,2,0,2,2,3,0,0,0,24,2.0
000dd3543ac84d906eae52e7c779bb2a,b48ec5f3b04e9068441002a19df93c6c,4,500b5e25308adf85bbc0bbc52c3dc05b,17,0,0,2,2,0,0,0,0,19,2.0
16a50d670cfa9afa1ebd0022240fb0f9,241f79c7a8fe0270f4fb79fcbbcd17ad,7,2866098c2a38fb723ee05f5b65635df0,9,3,5,2,2,3,0,0,0,107,2.0
cc1d6397370f680339bb84ca6ad55267,ce1a65abd0973638f1c887a6efcfa82d,2,767f9c7cc8d4c288b891893b61f3a2ca,11,2,0,2,2,0,0,0,0,18,2.0
91bf42fe769d7f395d8f11b747000def,241f79c7a8fe0270f4fb79fcbbcd17ad,4,19d7a4faa5de92caef9ad5128e6b1467,17,5,0,2,2,0,0,0,0,5,2.0
c5b432382d5978b94676426a32725dff,87d670b00a8db612286ba8419cf82e83,7,3cbdc3237aa8afe44324bda4a1ccf676,6,2,5,2,2,3,1,1,0,373,2.0
c56202b66d431a16fbc0260c3d2bd1f6,40dec9f3d5259a3d2dbcdab2114fae47,7,d687681225767af6d214d1b3ae13f66a,11,2,0,2,2,3,0,0,0,14,2.0
3b3f06f94891410cd5cec559abe7cff8,a7982125ff7aa3b2054c6e44f9d28522,1,9cec48faacf156410e6c576bcefdade5,8,5,2,2,2,3,0,0,0,10,2.0
44d37f9019983d92ead37f855133415b,f017be4dbf86243af5c1ebed0cff36a2,4,8f014a85666ef7e6a98b99a7e136bacc,3,6,5,2,2,3,0,0,0,59,2.0
1d015de3059eb8754a365b5bbc735818,22c29808c4f815213303f8933030604c,8,2157c762d011d8bdf2097f45d80df0ef,15,4,0,2,2,0,0,0,0,56,2.0
f4854d16f1c74c2e64a5b01933a04ada,b76ef37428e6799c421989521c0e5077,10,fe1f84058e11c26fe9582167f47c343c,3,5,0,2,2,3,0,0,0,7,2.0
52427b6097c05044266c10cf110bb16c,22c29808c4f815213303f8933030604c,8,b89f350d98e85cdac1137510bd7b566e,2,3,0,2,2,0,0,0,0,1,2.0
da740a2d739707c310f3762453b41359,40dec9f3d5259a3d2dbcdab2114fae47,7,f085a186e0ab15cb03a8bf46e07a8397,7,4,5,2,2,3,0,0,0,20,2.0
cd39b2fcf60d4580dbe25b82be3fd1ab,54d5e01ab35155d4bd8cf723fc6f04a0,4,72bb43f9683adea77d240b7985e2dfa2,26,5,9,2,2,3,0,0,0,35,2.0
5b6359f4589fe6e5a4856110f0480240,a7982125ff7aa3b2054c6e44f9d28522,4,e77e2e91d8ba596f5bce16b906255fe0,5,3,9,2,2,0,0,0,0,5,2.0
5ee85f64aafcce6b24e3e1171a475ea6,f017be4dbf86243af5c1ebed0cff36a2,10,d8887be1427e48581e65fed5faf03bce,7,5,0,1,1,3,1,1,1,199,2.0
b8a54e345fa5fa48d9f72b7cd514240d,22c29808c4f815213303f8933030604c,4,98151b0a22aa6e9ac06a7bb854fa6959,17,0,0,2,2,0,0,0,0,25,2.0
dada30935bcfc75c69e651430ea8815f,0218f6be0b76aca72ab4d00ee9e8cf10,4,f2c87addc7e39e1c73457c4ec85ed728,4,5,0,0,1,3,0,1,1,236,2.0
1dbafa1bd602541ba5249cf8cc388acf,7fa6214d82e911d070f51ef79381b956,4,252b493131fc46ee4a19fbfcbd565676,7,5,0,2,2,3,0,0,0,10,2.0
d92949512f85bf2db92ad19b662922f6,b76ef37428e6799c421989521c0e5077,10,0502e5d79bd91b34b68cef9b3b45230c,15,5,2,2,2,3,0,0,0,2,2.0
fceb58eea3ffda92cf9ab32fd9e5fe0d,e492ee5eaf1697716985cc6f33f9cd9b,4,dc00a47754c9e2eda1f84b0bff6ee95e,31,2,0,2,2,3,0,0,0,32,2.0
cd60cded04fede4abccff6e0dea36f6e,22c29808c4f815213303f8933030604c,4,dd3c4f2160ceb84483c6ef84ddc541e0,14,2,9,2,2,0,0,0,0,153,2.0
e03c43e6cfff88b9e06badf1de66b950,0b353d6bc27566f1d238313c33d95f56,7,5f4ffce0fafd72596bcb09d1467981c2,15,5,2,2,2,0,0,0,0,79,2.0
f5772c97a8e2bcf909674d8701480d55,ce1a65abd0973638f1c887a6efcfa82d,4,63c6951772f3f4fc4e40ffd24207fd19,27,4,0,2,2,3,0,0,0,38,2.0
4926b735eb624e5de200880635cc272a,22c29808c4f815213303f8933030604c,4,2ec7ffe99ecc5afc2e48920c9d1fbff6,0,4,5,2,2,3,0,0,0,4,2.0
0383bd4aa37e8dd109be3864bc703eda,733adfe409c752b5c200bf23fa2f22d0,7,9fbe791853dbd2e3894d85162a8ff934,6,5,0,1,1,3,1,1,1,341,2.0
5177d7712d018e49b0015adfdc2bb393,e492ee5eaf1697716985cc6f33f9cd9b,2,19d2a3535e887b30be7081676fb1a499,31,2,0,2,2,3,0,0,0,21,2.0
3f972cdb5e257034c5ad72bd3b0ed184,b76ef37428e6799c421989521c0e5077,10,a0ed0c00bfd64109d4ea03c97cc12486,17,5,9,1,1,3,1,1,1,325,2.0
b440cc1f36911a5256b3dc30a1d599ba,ce1a65abd0973638f1c887a6efcfa82d,0,8116eb23b96c15ec02dd90632371494c,3,3,5,2,2,0,0,0,0,10,2.0
5b7fc89c42ee0f99a9db33e8baed5c52,4aab772aeb9833c170d8ea5413e02eac,4,39cd336c2436c88d88096f7ef9305026,17,5,0,2,2,0,0,0,0,11,2.0
bfa4c8f989b5998d069da0a75550a7ce,22c29808c4f815213303f8933030604c,4,694892adec9a8e54155c2a2e99b6bd0c,6,2,0,2,2,3,0,0,0,19,2.0
0dabd1a1be08da96cd6fa993b9afb0a8,d83b0d0e48c8447d1d5507a44027a955,7,a0b6a15b3b776d289bb0eca2d9115eaa,32,5,2,1,1,3,1,1,1,156,2.0
9ab8da6ebb84a25f23233a3a2e8cfc11,88740e65d5d6b056e0cda098e1ea6313,9,f177c11663deb4c3c07af399b26f5110,6,5,5,2,2,3,0,0,0,100,2.0
80a19b2bee623d67010812c64f360300,b76ef37428e6799c421989521c0e5077,10,abc39d62971a3ef6d4b285f65513006f,5,5,9,2,2,3,0,1,1,260,2.0
c22f68de5bdce96fee03e21ca08d898d,40dec9f3d5259a3d2dbcdab2114fae47,7,b15dd2f0fabf60d00bb3bc95834fb45d,8,2,0,1,1,3,0,1,1,211,2.0
0456932dafd6f6b56f142efaa19ea8ed,b76ef37428e6799c421989521c0e5077,10,c38c6d00a783927b6a3df86ea650ed4f,1,6,0,2,2,3,0,0,0,17,2.0
10d6786c2646e4ef82973b3045096882,58326e62183c14b0c03085c33b9fdc44,9,fb66238168277301f44d960416bf5c1f,9,6,0,2,2,0,0,0,0,156,2.0
79304cca1ad8a247a9bafffd5f4db436,40dec9f3d5259a3d2dbcdab2114fae47,4,8ba4b332e611171e234324cf3f9f28e3,10,0,5,2,2,0,0,0,0,8,2.0
8999714b474171439f0c56236609a287,22c29808c4f815213303f8933030604c,4,4ac30efebddcd090914475c8201899b4,17,0,5,2,2,3,0,0,0,13,2.0
d8bbc05a9852cf8c785e2b05c5ba1bd9,da14b7e2eb0d1eecf65abbd05a31c87d,10,5544a079319b0984ee5d3ea03ea57da2,7,5,0,2,2,3,0,0,0,10,2.0
b37245bd5e22836dea166c9bf1ce3715,b76ef37428e6799c421989521c0e5077,10,8caafb23d9d6b7e75485fcc2bdc260e0,16,5,2,2,2,3,0,0,0,0,2.0
98f57d973e7f90b1b813f13e5ebd847c,1ceb590cd1e00c7ee95220971f82693d,7,dd27d8e77c7920dc26f5da40bf65ce73,6,2,0,2,1,3,0,1,0,103,2.0
8df878a8e746bb16f57beaa0615b5693,58326e62183c14b0c03085c33b9fdc44,9,de83e0600df76319c24c3670ebcb2d5f,17,6,0,2,2,0,0,0,0,5,2.0
07c70f3b440791aa82c370d17910f32f,a7982125ff7aa3b2054c6e44f9d28522,4,85182120f8a3331fcddb54f27a77dda2,30,5,5,2,2,3,0,0,0,50,2.0
bf38970e96dee81ef0b4b76c2feb1a2a,f017be4dbf86243af5c1ebed0cff36a2,10,bb219facd42c2384181e8f3330b42df9,2,5,0,2,2,3,0,0,0,1,2.0
86b283c5d439e7c9a64dca8e850c5ebc,fa5a0151e1f37d0055a3478fbb48827a,7,a99634624f85b4f63f87bc334b846962,17,5,2,2,2,0,0,0,0,0,2.0
d6beac7184414a6487a7edade4c0f2ef,22c29808c4f815213303f8933030604c,7,b8caedd58f7afe8fea08b95f272bc080,6,5,0,2,2,3,0,0,0,5,2.0
b64eccfaa3c560d142a15ca43a0ddc98,8ff57dffc365fcb5233232fff6e6bfd0,4,3844ab927429de8fcb426e4886024ee9,15,5,1,1,1,3,1,1,1,106,2.0
9678fa54dc9751a0633fe25843f900b4,b76ef37428e6799c421989521c0e5077,4,c7471f493e0cf386881d09659a4a32a4,32,2,0,2,2,3,0,0,0,1,2.0
418f995ca45e4394daa4447bd637ec4d,ce1a65abd0973638f1c887a6efcfa82d,4,bb94878eed7bad1bdd88e19f6c322f8e,1,5,2,2,2,3,0,0,0,2,2.0
803fce03a8d1123afbbdbbbad0c4377d,2cae266d756f8688d24bf43c5b5d9d84,10,fe53fc6949a462475c07fcb57ead57ce,17,2,6,2,2,0,0,0,0,7,2.0
7f6401a2da5927d2c2fe3b6b946a9f37,c2826f1fb1ca7c1b7c7b63c1018b8ba5,10,837db36e3b34fffca8725343601a74a7,10,0,9,2,2,0,0,0,0,73,2.0
51d81424aa2d36bf4248ae8a4a3cc885,330b9d44078a1ae5a221d655dcb77afa,0,62b967c1884c0e9ca8b9dba64be0b136,1,5,0,1,1,3,0,0,1,66,2.0
51b030d05fdce1d571c4f55eed93d323,c79bafc4a099ff23e3bab1534797fb45,7,e58a75d874cd483e80fb3ba9aa35db51,15,6,5,2,2,0,0,0,0,14,2.0
df2782c019d0d66a88af774011e8ab29,22c29808c4f815213303f8933030604c,4,2bee35533016f9992645dd6df0eca7e4,17,5,5,2,2,0,0,0,0,206,2.0
92ad56ab29e347d1779a07879d38c67a,22c29808c4f815213303f8933030604c,0,c846aef46d0aa00378cc6c24fd7fb474,19,0,0,2,2,0,0,0,0,13,2.0
00dc5000951c268cc8655294daf67b1b,282cb66cf00adbf96a4486eb4cb2431c,7,00065220becb8785e2cf78355eb9bf68,14,5,0,0,0,3,0,0,1,106,2.0
07e3b175a6c00f310d4e7e4b17df1304,b48ec5f3b04e9068441002a19df93c6c,4,8ec9a02e1c573e5ebf9133968d9b0042,18,0,0,2,2,0,0,0,0,12,2.0
d75057842b733134576d690d1d9509a2,b76ef37428e6799c421989521c0e5077,10,a86bf7a9ba609d0527f10ea8f0a5446c,30,2,2,2,2,0,0,0,0,6,2.0
6e668e75a724c96385d31729d5f7759b,bfd05fa9f9fe2aedee539951a84f2aaf,7,f50d9d5fa45cba8c1a6b643987810c34,8,4,0,1,1,3,0,1,1,87,2.0
d5f8ca8f1c429e41c73b370ad2fb45a1,d387e61aff60919eae0a5ef1773db0db,10,f3c747c1913de1af068d8feb79900063,28,6,0,2,2,0,0,0,0,4,2.0
30c1778642a506dbd803a0fa5ece533e,22c29808c4f815213303f8933030604c,4,157497483bb7876340ea4441c9bd1774,26,0,9,2,2,3,1,1,1,336,2.0
95f2351eb791917e3e1cee823cf25969,33751088e4687d1b6b2424b9e5e67979,10,b031973a2fadbc89767531a45ca39e40,15,2,0,2,2,3,0,0,0,9,2.0
4388a23da67b154b780b78dd7ea4636e,f017be4dbf86243af5c1ebed0cff36a2,4,0255dc67cb6bad298606136951ab1877,7,5,9,2,2,3,0,0,0,3,2.0
c262b62c257bb4e97a9618c9bf4bacf5,d28554990d8c5273fedfde51f1f8a59d,2,a2d528e2abdf88afe0d245519b3b3d65,6,0,2,2,2,0,0,0,0,11,2.0
8661d5d36e6ade1beb145e7154f96310,5dc848e7dd9418dffe183215b8ff0bc1,7,791a644d62fbd7a1fdabda6fc610bf33,6,0,6,2,2,0,0,0,0,1,2.0
d0dde222e608c66b65d44776bd8b4092,e492ee5eaf1697716985cc6f33f9cd9b,4,df1183c2b82ee7ce304ed60ced00949c,15,2,0,2,2,3,0,0,0,28,2.0
33bedbbf5f4322acc36ecf15bd34cc57,ee3c3bad6ed3eb9d5de56688d1f9c91b,10,0ffe89723de9b21041556d02e9b21a8b,17,5,5,2,2,3,0,0,0,5,2.0
efe655d620d2d3d55ab8b2b6c86a945d,40dec9f3d5259a3d2dbcdab2114fae47,7,414cc02d780baaa13439c37bd89641ef,6,5,0,2,2,3,0,0,0,7,2.0
b6b8870c2b130a562fbe89fb0bb9518a,40dec9f3d5259a3d2dbcdab2114fae47,7,68175a6b26cdbc4b3a51ed5353276e4d,18,0,5,2,2,0,0,0,0,8,2.0
356222b46d95b7fb1215f652ea9fd2f3,da14b7e2eb0d1eecf65abbd05a31c87d,6,0b9164d3b23215d4dfee8a045a3a1b3d,17,2,0,2,2,3,0,0,0,35,2.0
b39ac02ff5021fed10cb9988a23d5d02,1722481ac9e5371e5099dea226b5421d,9,7c7d0dee362960b1d9b01fe7284e19ba,17,6,6,1,1,0,1,1,0,371,2.0
bc916355c4b4bff29473d27f0a214b84,b76ef37428e6799c421989521c0e5077,10,9f716fbca2fbec913c646e6c60f25b60,15,0,5,2,2,3,0,0,0,5,2.0
19d0170c5a9f7120fdcb2c34e9373f68,58326e62183c14b0c03085c33b9fdc44,8,b8cb8fd0484ee4f796b41e363dcd303d,7,2,2,2,2,3,0,0,0,13,2.0
dc5cd6ec5b2df75ead63c98d5963e732,b48ec5f3b04e9068441002a19df93c6c,4,d82168bc00226dc72728bc957d2539bc,14,6,0,2,2,0,0,0,0,166,2.0
ac894bcbadb0692e692ba49e19bc219b,40dec9f3d5259a3d2dbcdab2114fae47,7,02df983480ff75ead8a031a3c7a849ad,27,2,2,2,2,3,0,0,0,11,2.0
b9e0ea8939615cd9008530f5f4e5e54d,da14b7e2eb0d1eecf65abbd05a31c87d,7,4675c38ffdf3a0c9e9665f629c5c713b,17,5,5,2,2,3,0,0,0,19,2.0
f5baaf0afe419681731ec3d30dafd954,1ec5f5ec77c51a968271b2ca9862907d,3,fb6e76ca64c0cc2c2dee53219e685f4b,12,4,0,2,2,3,0,0,0,10,2.0
5b2aad03528f0d771e8332451010d045,c35447dcd1a50b2e2ee3184be602b597,9,eaeec4fdcdc91ead735718ae9bebcd8e,15,2,0,2,2,0,0,0,0,6,2.0
fea6d3c362395ffa975ea4fd8d5d8ebb,f017be4dbf86243af5c1ebed0cff36a2,4,9e96cf88816c531ac19a680a2fdb78a7,18,4,2,2,2,0,0,0,0,5,2.0
6fec8c1ba9b9aa79bd26e09fc8aae3eb,f017be4dbf86243af5c1ebed0cff36a2,4,603bb4eeb3f0927e59e253357a9ca06b,14,2,0,2,2,0,0,0,0,40,2.0
f4812a8b0f238b290cb25f11a975edf3,40dec9f3d5259a3d2dbcdab2114fae47,7,5e7730e8ae6bffdee755a8d31e6b77a4,29,0,9,2,2,0,0,0,0,80,2.0
d79c868179307f1cf78d0a12c56e2bf9,22c29808c4f815213303f8933030604c,4,25ca84afdd32ede184dba55631c55274,7,4,8,1,1,3,1,1,1,341,2.0
a2de60ae969948c62475144651c21281,22c29808c4f815213303f8933030604c,7,08220245c361752c4f7bdc9a39821dbe,6,5,0,2,2,0,0,0,0,7,2.0
f2e5f6f0caaa54cb5161d5cd753cf57f,22c29808c4f815213303f8933030604c,0,d622a61456dcbf4cc960221e15ac48b7,2,2,2,2,2,3,0,0,0,3,2.0
2d425507027fe5ccf5e23dc6bf98af4b,88740e65d5d6b056e0cda098e1ea6313,9,34fe2ce0770697c1b8b35c13a8e2f7d4,33,3,0,1,1,3,1,1,1,306,2.0
9af7ea3259a69623a41b6e8bf98a52b4,22c29808c4f815213303f8933030604c,0,1832c08bba48a37868d4093259e8c288,17,2,0,2,1,3,1,1,1,163,2.0
88a7d45c0b4b7c6d948ffff9e0be1de4,22c29808c4f815213303f8933030604c,4,49388b546c8a96b96e9f15b5980b1cd7,4,3,9,2,2,3,0,0,0,63,2.0
2b35567523c67c1a9c32ef101ae7bc73,2635743d5842a4475730345cf894efce,3,7dd3be74c6cd6800d809935ff47bd3bf,15,2,0,2,2,0,0,0,0,7,2.0
5ce2c548b89181fc2a9b18df3882603e,40dec9f3d5259a3d2dbcdab2114fae47,10,5fff4dd813a9fe1ce972a80407e16457,17,3,0,2,2,0,0,0,0,21,2.0
c9be6fa4a4d011709bfa79908b2a1238,b76ef37428e6799c421989521c0e5077,10,465b4d6f3d04fac8957c6017541df171,15,3,0,2,2,0,0,0,0,9,2.0
e66292f43e32d3b92d2c00229a6afe55,a7982125ff7aa3b2054c6e44f9d28522,4,7614a7c196be837b0eba0a3811e51b29,4,4,9,2,2,0,0,0,0,12,2.0
92c9627a1529f28cb04691b9fe1f6ec8,b76ef37428e6799c421989521c0e5077,4,63972c86dd9a38da4f3d8b5ccec2ee60,20,2,5,2,2,3,0,0,0,191,2.0
44c115ec4cfd1287a92e824ff941aa3e,b76ef37428e6799c421989521c0e5077,10,493a261e134421b6d9d997900fa56a5f,8,4,9,2,2,3,0,0,0,3,2.0
1f539e92146eac32306bcb0f8ba374ec,b76ef37428e6799c421989521c0e5077,10,8ff95b78fd27130aef0a3b68b7124c51,24,2,5,2,2,0,0,0,0,42,2.0
6456e5e81dd87446f811df77548e6a6b,ce1a65abd0973638f1c887a6efcfa82d,4,76e8c36299440e255379b5fa7f03f272,10,2,1,1,1,3,1,1,1,131,2.0
e8caf5068d097fe43a132fbc1152bdd8,908dad5b22342480f5cc055b8dd55e7e,2,26677ff8d8321b864317019c728ac010,8,5,0,2,2,3,0,0,0,3,2.0
058172f0764ed2bfad2c7aa7cb9ae15f,ce1a65abd0973638f1c887a6efcfa82d,4,8c818d927ba4145304edccf74293f8b6,19,0,2,2,2,0,1,1,0,164,2.0
b4994d8000b83caf4875f9cf28664194,ce1a65abd0973638f1c887a6efcfa82d,4,7ee00840eff17f731c41f35b12184c96,7,3,0,2,2,3,0,0,0,108,2.0
df5f39b59210605db5d0afb2ddac38a6,40dec9f3d5259a3d2dbcdab2114fae47,7,f002671b6ff4042e52a52aaccba44c0e,14,6,0,2,2,0,0,0,0,6,2.0
d78e4f87a5a597a1c8f2663af303e65b,b76ef37428e6799c421989521c0e5077,10,cb141ec6f444a4cb7a2400aaf80b6fc3,15,5,0,2,2,3,0,0,0,35,2.0
ff3e7e5ca2f0e0d94bff1aabf7ed6ff3,e9e396caabf546e0ff4f747b47538192,10,5084f696554075b9a98403b769f31cd5,17,5,0,2,2,0,0,0,0,19,2.0
ec2f34a30d5b87ed1d3e9de2741ddabc,b76ef37428e6799c421989521c0e5077,10,246eefbebdc0c11402ec404e1589de43,15,6,2,2,2,0,0,0,0,1,2.0
0a634763cc1a09532dd8cbf0e74e3d48,58326e62183c14b0c03085c33b9fdc44,9,8c4e430c5e662c328d3c84d334871709,26,3,9,1,1,3,0,0,1,84,2.0
b97dc9b1917a076d96da7c0ae4e2ed72,22c29808c4f815213303f8933030604c,4,376643e536ea9ab265065925112a876a,19,0,2,2,2,0,0,0,0,6,2.0
7f95cccd5ccfb40b086d93e209d08ebf,a0fbc0263cb98bdb0d72b9f9f283a172,7,b28c0625f1f26655cfa0f370be1164ac,11,5,2,1,1,3,0,1,1,175,2.0
59d49e1ef1cc5496dfde1a1cc0c74004,b76ef37428e6799c421989521c0e5077,10,196964603e568f36848694f9274a2acd,21,6,2,2,2,3,0,0,0,42,2.0
ff8ee6aac61c11f16443646cdf467146,22c29808c4f815213303f8933030604c,0,7877194d40c496d36a88ae5957c5e7d1,6,0,0,2,2,0,0,0,0,7,2.0
4c3419c75074a0734e4d1851aa66eb8b,ce1a65abd0973638f1c887a6efcfa82d,4,9ffca1681e7428db3d75eb4b69ee9599,15,5,5,2,2,0,0,0,0,9,2.0
6ddd8f436b40ded89a268f4b38a30b35,37cf94070e940a694969304de58debe1,10,164471825a8de8c31eb8cb9375b27243,7,5,0,2,2,3,0,0,0,1,2.0
3d2c7bb8be9ea80c1477b6778fbd2cf6,1ceb590cd1e00c7ee95220971f82693d,7,bd585fa4d871cd7600ec8a2b90c57a4e,6,5,1,1,1,3,1,1,0,137,2.0
d54be8a176d25fedda751546f6276fb6,65d9f9d71e562365e8b44037c2888d98,7,0f5f7caa3e6a2b466fabe6bfaf25b06b,1,5,0,2,2,3,0,0,0,26,2.0
b02c6bdb3693e65bd8e9b75df65fe2c4,35c9b150ab36fe584c1f24fd458c453a,7,588e81a6924bcffd4e366453885e72b1,1,5,2,2,2,0,0,1,0,178,2.0
e77cae9fcdb3fd588d797921ac663823,58326e62183c14b0c03085c33b9fdc44,9,a31ed365258882cc2a1e25d6710704ea,1,5,2,2,2,3,0,0,0,6,2.0
01409f7f7f2bd5ec0c1755b362e9db6e,21a104c3279681d9856b8a48723c4fee,6,eada4a0629faf243de4159916c10cd1a,15,4,0,2,2,3,0,0,0,35,2.0
214ace4c93ff3e251c239e9d47d1517b,58326e62183c14b0c03085c33b9fdc44,4,0c1d290fe8e252b31ebc2ead30634efc,15,5,2,2,2,3,0,0,0,5,2.0
9dde4d7713ae64986ab6f5c9f9cf94d3,22c29808c4f815213303f8933030604c,4,c33e6d3ad32fd5bec1b0f2522f668213,23,8,0,2,2,2,1,1,0,195,2.0
07da1921cbc124b15d105b3e13d67eb5,b76ef37428e6799c421989521c0e5077,10,fd5564b7d093f9d64d1a5f223dfe43bc,6,2,0,2,2,3,0,0,0,49,2.0
b17d646e36f5fb120b2ea74c14d39f5c,9cc4d8fda1533429ac126a2ddf4ebf11,8,2e311c110b108aece4a48ab7165f28b3,19,5,5,2,2,3,0,0,0,24,2.0
b4a52d5e8d7a56355abf7597fe5b2bbd,36120633c8737035fbabf079082f4ec1,4,da43bc6766501a2ad1aba35b09b7c9ac,33,2,9,2,2,3,0,0,0,8,2.0
61681a30d47dc8b1ec5180ccdec26ba5,30077c17f2ec5010a82e37ad8925b95f,3,4a4da369ad50f14d48337aa52eb826f5,15,5,5,2,2,3,0,0,0,5,2.0
b48c62590e6d0cda7b99d3c4053a412b,b76ef37428e6799c421989521c0e5077,10,7f49fc7a8336278ab1287ed28d565258,11,0,0,2,2,0,0,0,0,22,2.0
4f2a5cee950dff883ba2d52715c97bb3,c70eb6fb5bd6e939b0d5ef32f21f61e8,0,ae1e6f638fc33a9cdbc2871bf60c6635,17,5,0,2,2,0,0,0,0,10,2.0
0a55079ea003674ae2145b02f03ff27d,fe82aeadeaea2186478fe6353d6d5301,7,ae0728a2cb289dec6d1ceb0b7d6b82c5,15,5,0,2,2,3,0,0,0,16,2.0
af727f4749d4bccd52b0d84bcd241a28,2f08471dfb83baef522f952438a36f6e,7,8cd5c90bb5fe7f2d779c81bfd6d9ffcf,15,5,0,2,2,3,0,0,0,20,2.0
b2385ae6de2a909f2ad7b45f9922af69,ce1a65abd0973638f1c887a6efcfa82d,4,2d2f1c1a4f518137df3e4d8d5f57beae,15,3,2,2,2,0,0,0,0,0,2.0
7c23287c6dd3acd5f4fae4175be75c7e,22c29808c4f815213303f8933030604c,4,106ebccfb024488d2dd7aac29c9a20a3,7,3,5,2,2,3,0,0,0,13,2.0
5c2d8be7b4d5836ebf6e70455ba735df,a7982125ff7aa3b2054c6e44f9d28522,4,1ab0c07336fcfada1d031cf1c9718ca7,15,4,5,2,2,3,0,0,0,148,2.0
33ce1e734d9d50629fa2c36769285d53,d41d8cd98f00b204e9800998ecf8427e,3,53be10ff134691e94a4089b41c75874f,8,6,9,1,1,3,1,1,1,427,2.0
a38a9af287823928c8b66b29dde21c29,b76ef37428e6799c421989521c0e5077,4,aa3d06427142ec11df8f7df0e159b71a,19,0,5,2,2,0,0,0,0,23,2.0
8d31e1ca580336797fc5c552cc86b96b,10f5ac17ed7d6ee9a7d737ac1d2fcb32,2,50ca38cf4312fde2e0d35f6169208b54,17,2,2,2,2,3,0,0,0,226,2.0
c31cd9eb0233c998e5d682c4d826d8c6,b76ef37428e6799c421989521c0e5077,10,e10575e8e45d5d8cedfc60d838ac286b,13,5,2,2,2,3,0,0,0,5,2.0
b13432d01614c9d18263698af2837e1e,f017be4dbf86243af5c1ebed0cff36a2,2,429e2324ee8c0a95b565f78b465e8a07,9,3,0,2,2,0,0,0,0,8,2.0
c4b5d00fab66a49d63428f51800130eb,b76ef37428e6799c421989521c0e5077,10,52c53edae0e04256ecf6c407608e7e09,31,0,2,2,2,0,0,0,0,6,2.0
c0fa242837c43fe0531989b269153441,22c29808c4f815213303f8933030604c,4,45a9bd664803609f452cce925e21d24d,6,4,0,2,2,3,0,0,0,77,2.0
cd1c758ef1fa8b3fa90d46efc6e4c66d,9fa37f5177115156b1814ffc237402a6,7,99d4602ff2c719a03c6d8df853ebedf8,19,0,0,2,2,0,0,0,0,0,2.0
0ec14948e088cd74e70ad82de1128b3b,87732658ba41d8775e8577df347a64db,9,d449188091598bf0dbd32c312570f168,1,2,6,2,2,3,0,0,0,317,2.0
7482d965e9c3156079b7ea6423fd41fa,b76ef37428e6799c421989521c0e5077,10,a267686cbbbfe674d0834d3ad95df5bb,15,0,5,2,2,0,0,0,0,58,2.0
90da5fb6873f5daa02586c51fec88189,88740e65d5d6b056e0cda098e1ea6313,9,9f15313cc96cd611d45e63eab4170bf1,6,5,9,2,2,3,0,0,0,19,2.0
38cdcd4e817aad01e8408901fa10f392,88740e65d5d6b056e0cda098e1ea6313,9,a1617fea9bff799a4d5b3db7a7baa713,1,5,2,2,2,3,0,0,0,144,2.0
23b7bbab67f2caadba743ff405d27b5c,22c29808c4f815213303f8933030604c,4,abbc2aa191ecd8fbb5be1701d7bb6ef4,30,2,0,2,2,0,0,0,0,6,2.0
b368759b56dbed0f9e5818fe1f7ca8bd,b76ef37428e6799c421989521c0e5077,10,65b6aa01895e9ddce79b482da06dda9d,32,5,6,2,2,3,0,0,0,1,2.0
1ad74caec14332594a6e910b3d183e87,40dec9f3d5259a3d2dbcdab2114fae47,7,8ed21f7ffec3a30e915d8e85eb3c4f72,4,5,2,2,2,3,0,0,0,58,2.0
5527123f5a35a024c0f3bf4689e76e7b,f98c2bd96ac4a5d9476734e790c91384,4,6a87cbc1ebb8046bb3a851059feb6df3,17,3,0,1,0,0,0,1,1,241,2.0
062eb81d4674705d10c8ecb848358cb3,e2e67cce16ad4e30e1f8962402480f17,10,1c16af6213cf83914774c6490065da81,4,5,0,2,2,3,0,0,0,15,2.0
a253f7f97019cf1a2c74eed3ce23db58,b76ef37428e6799c421989521c0e5077,10,f1fd6779d8d9afe83f4135a22903f22b,26,0,0,2,2,0,0,0,0,8,2.0
f812d76fe4aaf25c32584b9597915c61,dff49c1e54630a22f1ca28fcc02daca0,10,36637850ddda5031f5bcf5499dd955a3,19,5,0,2,2,3,0,0,0,40,2.0
07f26c1e7d2873a9e6860909c00075c2,22c29808c4f815213303f8933030604c,7,134c69b4dff67e40a022dd8bf81e002e,8,2,2,2,2,3,0,0,0,7,2.0
fa7482659fd71e6e233eadf4dbf3ed4e,ce1a65abd0973638f1c887a6efcfa82d,10,bf1f3d5402ed867f05bed505a3b2a05a,30,2,0,2,2,3,0,0,0,11,2.0
a6bf24ce0939b46b6536e02a3d244cc3,6b6c0934205e87702519d1cce24055f9,3,ba87e2cbb33c1412290b8ccc37301672,10,0,9,2,2,0,0,0,0,8,2.0
205a11a1b97d7e8bdb33aa6c36f3ef2a,0e5a178e3cd2368607f3e72f46140476,0,758fbe94c656fc484d204e7d60808484,8,5,0,2,2,3,0,0,0,11,2.0
5ac050d44e6476acecf88969950cf3a2,22c29808c4f815213303f8933030604c,4,85222e25007ce95bf79c00f643d1e436,15,2,5,2,2,0,0,0,0,10,2.0
baf5ecd84c6a8766519b98f66eec1511,6dca9fc31d8a95cdbcfafcc307012768,3,e5d7bbbca541b3b39e1649f94074b963,15,4,0,2,2,3,0,0,0,32,2.0
7e4bb8c8f3bdcbece5996f24ba507120,a7982125ff7aa3b2054c6e44f9d28522,7,843c73eda46e28b278031033b616bc8e,17,0,9,1,1,0,0,1,0,306,2.0
b4abf3d319afe2544a5dd0966141ef10,b6885f18d203a61176418c1fb3764815,7,876300c1c122f7fafd3ba74a478221f4,1,5,0,1,2,3,1,1,1,163,2.0
ee68544f42eef8386730823cff7446cc,d83b0d0e48c8447d1d5507a44027a955,7,8f28d70a98ca556691300d08ebdddc88,17,4,0,2,2,0,0,0,0,2,2.0
af8ba6e9ccdd2960424f19b3cfb54baf,b76ef37428e6799c421989521c0e5077,10,e6341a38a2e15b8834ac0410015547e4,15,0,0,2,2,3,0,0,0,7,2.0
7f1a58f7b373d68560c1cf8e340e87ae,f017be4dbf86243af5c1ebed0cff36a2,4,0b7589387392dd2e2458f86606aa2a99,6,5,0,2,2,3,0,0,0,148,2.0
d636a570e9dc6d962ffce7426b8b53ad,58326e62183c14b0c03085c33b9fdc44,9,75e645bd511287258a5afc20acd4e338,3,2,2,2,2,0,0,0,0,30,2.0
cb0f32260247ecac66b2954d6320f6be,22c29808c4f815213303f8933030604c,4,7e165d0fd266781dbf944faf150e265b,17,4,9,1,1,0,1,1,1,228,2.0
962ebbfe9e9c53b566b6c107b19f4bba,ce1a65abd0973638f1c887a6efcfa82d,0,da3b4c4b11a5be0f29634d1e6bb7dce0,15,5,5,2,2,3,0,0,0,12,2.0
ce721edac2d10ef0b2ee26c40924d7a5,b76ef37428e6799c421989521c0e5077,10,710b15ab273348b3db04d636937061c3,19,5,1,1,1,3,1,1,0,321,2.0
2f9e00b759f8d090d2d2ecae1347104f,b76ef37428e6799c421989521c0e5077,4,fe3d2c21fe1b15298d60a0792621ddf8,6,0,2,2,2,3,0,0,0,30,2.0
ee577c86d39b672b84ced795d14380dc,22c29808c4f815213303f8933030604c,4,6836558ca75302628900564ce7c67cf9,9,7,5,2,2,0,0,0,0,5,2.0
87db7aea88a3ae9304944ae954c6a420,ce1a65abd0973638f1c887a6efcfa82d,7,7c8a7bb451a5a4e8813352670a8b9a22,19,5,0,2,2,3,0,0,0,179,2.0
5f87a3fcca7c117d0f4186749a5c6c59,7fa6214d82e911d070f51ef79381b956,0,df6a52d41f39ce14aa6df3af06e98e71,15,5,2,2,2,3,0,0,0,22,2.0
d15288d9955379f7bde91577c9177310,b76ef37428e6799c421989521c0e5077,10,6cbd0872de0e3e92a1b90f229aac6e61,17,5,9,2,2,3,0,0,0,14,2.0
a3980fc1d4915887bc4b815080e58a00,ce1a65abd0973638f1c887a6efcfa82d,4,611aa09794938387efe774f5abf64c03,17,5,0,2,2,3,0,0,0,75,2.0
af37f5b0de67364f54d9b53d8e8afbfa,22c29808c4f815213303f8933030604c,4,27bcbf1bcae4a9c14c54627933160f37,17,0,0,1,1,0,0,0,1,216,2.0
660110aa3162f77605b07eec19f1e20a,b76ef37428e6799c421989521c0e5077,7,dbc7e4c98a58fa8731412f4da2f43cb4,19,3,0,2,2,3,0,0,0,12,2.0
c2385a5e739790f3b8c1d459abee3e5b,30077c17f2ec5010a82e37ad8925b95f,4,7aa286758114fcd93df587a1e23301ed,14,5,0,2,2,0,0,0,0,0,2.0
a8aa308791fc464208fb025038454c24,40dec9f3d5259a3d2dbcdab2114fae47,4,818d9691c76fabaf6b491f6a9baefad9,17,4,0,2,2,0,0,0,0,21,2.0
144194b941960b62a1217cc9d27ebdbe,b76ef37428e6799c421989521c0e5077,10,a46cc8988e2dc21616cc0b2cec80be4b,8,0,0,2,2,0,0,0,0,5,2.0
7e0a3b03133c5c75330162fee599e5f5,7fa6214d82e911d070f51ef79381b956,4,bb2eca0468c9088bd9a146c8d6c72e0b,8,3,5,2,2,3,0,0,0,40,2.0
de0fcd75c97ecea4ebbb534ea6476743,b76ef37428e6799c421989521c0e5077,10,639541c9c4a8a5b34424cac6f81f6be7,27,5,0,2,2,3,0,0,0,7,2.0
c2102c66aa81e5c07f72cd88e46d091d,b76ef37428e6799c421989521c0e5077,10,649d307ba392e2cc6cedc7888f51923d,6,2,0,2,2,3,0,0,0,3,2.0
7720c6892d447539b71d8bd9e4d1ef60,ce1a65abd0973638f1c887a6efcfa82d,4,3786da2e9afd5d55617521bd1685dec0,32,5,3,1,1,3,1,1,0,203,2.0
21dd2bb7a4d988443cb303e42afb8316,fbc24da54d531c6204ae2d17b1090bb1,7,b7bff8fe73a12a5e844c7d83ee1202ff,29,6,0,2,2,0,0,0,0,19,2.0
f0affe8ec1361efcafd1816b5b1c2426,88740e65d5d6b056e0cda098e1ea6313,9,09175f552e7526624e8100bdc8d0c92d,10,2,5,2,2,3,0,0,0,34,2.0
c6a3a2c5533022519407029f38d214fa,b76ef37428e6799c421989521c0e5077,10,a84e05448dd8286412b96fddf603db26,30,5,0,2,2,0,0,0,0,36,2.0
a57bf18e19b6b17e3d4fbc20561e2055,3c5cc1a2e1d86abfce2a16a1bcc80e26,4,2a17b229ca84523393b003b7e0bfae63,32,6,3,1,0,0,1,1,0,353,2.0
ce518001633ca4e1f2ae4b02f4dcb11f,22c29808c4f815213303f8933030604c,4,741eb1606348f827baeb4c099fcf1bdd,11,2,5,2,2,3,0,0,0,7,2.0
9542f2f27285580fe8d6aa82e179ed28,b3346ddd5d7b2edda306d8f531e58660,3,a359ed4a476430e29909d1415ecacb1d,17,5,5,2,2,3,0,0,0,1,2.0
878c57ac87b8629049a172596fb9a67d,5963a9ba5d6c9af62cba5a9ac76f263d,4,8b286dd43c391bc2d763668067eca963,11,0,0,2,2,0,0,0,0,35,2.0
b7f3b8bcd964f9e44b212cceabacf877,b76ef37428e6799c421989521c0e5077,10,07a9a154056e210f17bbacd5e30c024c,4,0,0,2,2,0,0,0,0,13,2.0
ea36a38cfad96a89e2614f339f909549,88740e65d5d6b056e0cda098e1ea6313,9,f0418a194da21de7cd01336b10be11a7,8,0,2,2,2,3,0,0,0,2,2.0
ebcdc4e2a7e73118fab4921b78200b2b,22c29808c4f815213303f8933030604c,4,fcc29f9f37cfd89db0038d8de7f97f08,30,4,0,2,2,3,0,0,0,1,2.0
100a1f43c56bb71781a2231a79900488,58326e62183c14b0c03085c33b9fdc44,9,297be0a3c196d803e4e4f013432be4e1,17,3,2,2,2,0,0,0,0,85,2.0
3434cfa4a17f019a5aae78ee0bec24bf,22c29808c4f815213303f8933030604c,0,9ba337a47628f9761b6bb3939a3f97a9,17,0,2,2,2,1,0,0,0,13,2.0
2852475bf1d02022e4eb5269c452259a,a7982125ff7aa3b2054c6e44f9d28522,4,1a47a5831effd926ad6bee7ab8beb86c,17,5,9,2,2,3,0,0,0,174,2.0
5a85461739094491a96bb30267640454,c35447dcd1a50b2e2ee3184be602b597,9,1cd757f0f38c0847a2f05717d18b8d92,7,0,0,2,2,3,0,0,0,60,2.0
76609909f975f3db5b8e50e4cb9ec136,b6885f18d203a61176418c1fb3764815,7,b2d462f41b6b46b0569b20a8a4ebfcae,15,5,0,2,2,3,0,0,0,77,2.0
d5cb61eef98bd237e41bc2225263f823,f017be4dbf86243af5c1ebed0cff36a2,7,7e1f0755f1c75e301dfa37c21fd01efe,23,8,4,1,1,2,1,1,1,260,2.0
9c2bfd97ce00ce9553bdc0f34c3532b6,1ceb590cd1e00c7ee95220971f82693d,7,ae9cf62cf691b753d4f0d3d40731cc3c,15,5,6,1,1,3,0,1,1,110,2.0
3223fed48f30bbdc0f6040b466516bcb,b76ef37428e6799c421989521c0e5077,10,0d7d5bca59d45d750fb7913b974e9d08,8,4,6,1,1,0,1,1,0,292,2.0
4b650319cca0b2d0480d58b5c6451a28,40dec9f3d5259a3d2dbcdab2114fae47,7,708cc2c4ffdd3307d5cdee0d7387307b,1,5,0,2,2,3,0,0,0,1,2.0
513622713be8b84fd8d5b783f6fc82b5,88740e65d5d6b056e0cda098e1ea6313,9,c65fb4ec11e8d18c95ef150885418aea,19,3,5,2,2,3,0,0,0,84,2.0
7d4b139b99fa4e14170492f54032c321,22c29808c4f815213303f8933030604c,7,3ffabd7292c755d5cebe5b2d6350b850,27,4,0,2,2,3,0,0,0,4,2.0
b3d72af547b23265305eda666dd749f9,7fa6214d82e911d070f51ef79381b956,4,d984b175957d0e67bc5bf232285ac792,5,5,5,2,2,3,0,0,0,8,2.0
9e7c75dad869b2691a339a70cf105f0e,e022029a28bad406d6f3e74512ebebc2,5,f4d969837a2957bb052a71af7d39fc91,4,3,0,2,2,3,0,0,0,13,2.0
1db2d761017113fbfd4246f0402ac4e0,ce1a65abd0973638f1c887a6efcfa82d,4,f1340f6d3347d9fae747fc3d236a2e41,6,5,5,2,2,3,0,0,0,194,2.0
dbc6f53e8aa4b30d61366ddc81b17a91,b76ef37428e6799c421989521c0e5077,7,7bfe1c6d7a61cccc48bbbebe206390a9,19,5,0,2,2,3,0,0,0,4,2.0
72477e4cbc223fd605cdf76361cbe0a6,b76ef37428e6799c421989521c0e5077,10,a9f81449e8f8a47f6c67e5a43b40ed04,10,0,2,2,2,0,0,0,0,15,2.0
512f3a7ea5520eae3b54a77c0497489e,ffc62d6945fd1423539ec6d96326c37c,1,2a1a7b9bb186aba4e126ec76f9607237,7,2,5,2,2,3,0,0,0,4,2.0
b3d5cd16656bd872844d94e6c00ac9f3,fa5a0151e1f37d0055a3478fbb48827a,7,eeb3e4d4f423780ab2acfe23ea0d5e49,11,6,2,2,2,3,0,0,0,3,2.0
f8e1b8b3a3fe9b27a64dfcaaa8fc6054,0f7f8ed9a1db8fc2a42e273972db10d4,4,b6392ab5fdb153fb3c6c7c0e174cdc29,1,5,5,2,2,3,0,0,0,70,2.0
e7f70a2ff45e44c7399bebacf3e4771d,22c29808c4f815213303f8933030604c,4,b21768cfefb49b94e9bcd38037e93d1f,6,5,5,2,2,0,0,0,0,12,2.0
df9a2abe2ad3f2d8758b675ac8331ecf,a7982125ff7aa3b2054c6e44f9d28522,4,bfcc27719640628da877db48b672b169,17,2,0,2,2,3,0,0,0,126,2.0
8723201570415eb23b4f095d8c20a27c,b76ef37428e6799c421989521c0e5077,4,4a82eab98441aeb64566e2776c1fb2b6,8,4,9,2,2,3,1,1,0,132,2.0
2e57665b8faf05c967a801eb5aedfa0a,40dec9f3d5259a3d2dbcdab2114fae47,7,55031883943971ca22db6894574cfe2c,7,5,9,2,2,3,0,0,0,12,2.0
40955be51cc85c5a5a6cdd12b19e9f10,88740e65d5d6b056e0cda098e1ea6313,9,c0e933c238e41f0cd459d6025ee9b364,26,3,0,2,2,3,0,0,0,30,2.0
8a6492305a5fbcdcdd1a7f5a90764c07,b76ef37428e6799c421989521c0e5077,0,1bba9c94eb5c4e82fba9f7286fe81025,19,0,2,2,2,0,0,0,0,111,2.0
