mql_id,first_contact_date,landing_page_id,origin,seller_id,won_date,business_segment,lead_type,lead_behaviour_profile,has_company,has_gtin,average_stock,business_type,declared_product_catalog_size,declared_monthly_revenue
a555fb36b9368110ede0f043dfc3b9a0,2018-04-04,2f08471dfb83baef522f952438a36f6e,referral,bbb7d7893a450660432ea6652310ebb7,2018-05-08 20:17:59,car_accessories,industry,eagle,,,,reseller,,0.0
f5fee8f7da74f4887f5bcae2bafb6dd6,2018-01-14,22c29808c4f815213303f8933030604c,paid_search,21e1781e36faf92725dde4730a88ca0f,2018-01-17 13:51:03,food_drink,online_small,,,,,reseller,,0.0
c3e30ed7ac989117c7e1e719b4ac128f,2018-02-20,e492ee5eaf1697716985cc6f33f9cd9b,direct_traffic,92d7568ad0c5c76fd7d341b2d46f24d6,2018-04-16 18:18:22,computers,online_medium,wolf,,,,reseller,,0.0
a90a37898cc5f2718385a2fb981caaff,2018-04-27,58326e62183c14b0c03085c33b9fdc44,social,0b28859cd04d23edefee9c591fb03cd8,2018-05-14 18:37:15,household_utilities,offline,eagle,,,,reseller,,0.0
4e4e70d504b4c0006c8287dedc99d0fc,2018-02-04,88740e65d5d6b056e0cda098e1ea6313,social,f7a0d94e966c5665355a182d5b199fcf,2018-02-28 19:42:14,construction_tools_house_garden,online_medium,cat,,,,reseller,,0.0
67455a0673f5cf26deae5b270c003e83,2018-01-23,30077c17f2ec5010a82e37ad8925b95f,direct_traffic,e7012030d0fdd1d3ca504f6de7909c35,2018-06-14 14:30:20,toys,online_big,wolf,,,,reseller,,0.0
bae38661a27f6228ba38c36e766ed769,2018-02-18,88740e65d5d6b056e0cda098e1ea6313,social,6a6b1614baaaf766293c17d8cb8c5a9d,2018-09-10 14:18:01,stationery,industry,cat,,,20-50,reseller,2000.0,100000.0
9878253904482726e741460a99adba86,2018-01-22,22c29808c4f815213303f8933030604c,organic_search,92d46311e4fa7583d14c351fdc881af6,2018-01-26 17:23:46,food_supplement,industry,,,,,manufacturer,,0.0
1f4e960dc47c49ab5c2a495e00055f64,2017-12-15,40dec9f3d5259a3d2dbcdab2114fae47,organic_search,8c45b4bc4b5c1e2a4e789b4466a39b77,2018-02-07 13:57:02,bed_bath_table,offline,,,,,reseller,,0.0
05d287893f5f083739da863da2c4b6f8,2018-03-29,58326e62183c14b0c03085c33b9fdc44,social,49f6ca9231352dedda1ad1176ce70531,2018-04-16 13:09:09,health_beauty,online_small,cat,,,,reseller,,0.0
2552a7b886c1710f36be92ac29b1362d,2018-01-09,b76ef37428e6799c421989521c0e5077,unknown,efa89b428cbc422ba9313b4fc6feafc7,2018-02-16 12:31:56,fashion_accessories,online_beginner,,,,,manufacturer,,0.0
59c0665c39a2bb9c8776d66f4e8b8f66,2018-01-10,30077c17f2ec5010a82e37ad8925b95f,direct_traffic,cb3666965a560e723403683bd378a5f7,2018-02-22 12:40:15,jewerly,online_medium,,,,,manufacturer,,0.0
9a6b65aedf8177783035f3a53ca21ed1,2018-04-11,8515f4df7468489ed6bced112f86e360,organic_search,0975b0dd18febd1008391fa53dff0891,2018-04-18 18:02:08,party,online_medium,eagle,,,,manufacturer,,0.0
c34eb63cd098bf4be03d53462d7ecba2,2018-03-10,22c29808c4f815213303f8933030604c,unknown,3525be8392a4fa3274c459bcfee41eef,2018-07-04 15:07:27,food_supplement,online_small,cat,,,,reseller,,0.0
72e81de94dfc0373b006ca75e9c851a1,2018-02-21,241f79c7a8fe0270f4fb79fcbbcd17ad,paid_search,2f1e89e231b096f4ff1f55dfe8607a7b,2018-10-31 16:54:59,computers,online_medium,cat,True,,1-5,reseller,80.0,0.0
1cbfa9c878ef8692c1ae21e4cfa11000,2018-05-25,40dec9f3d5259a3d2dbcdab2114fae47,paid_search,90269579385b838ce9bd577dcec278a4,2018-05-30 14:43:50,pet,industry,cat,,,,manufacturer,,0.0
a8d2884db49e0769ad4a0b8dce2e143c,2018-03-01,b76ef37428e6799c421989521c0e5077,unknown,d65f74c704563bcb8baa915fbf8cfa1e,2018-09-27 12:31:01,health_beauty,online_medium,cat,,False,,reseller,15.0,20000.0
20fcec0873b39b4df3df34140d77d6e7,2018-01-12,22c29808c4f815213303f8933030604c,organic_search,cee3c487c56d29554a22d112af618301,2018-11-14 18:04:19,other,other,cat,False,False,1-5,other,120.0,6000.0
0a1643cb73c25878cc845d5594059afe,2018-04-17,22c29808c4f815213303f8933030604c,organic_search,ae9d6bb89361dff26edbccc7e1c2911d,2018-04-27 14:01:33,fashion_accessories,online_beginner,cat,,,,manufacturer,,0.0
92c7eacf759c266a7663d63876d84223,2018-03-27,b76ef37428e6799c421989521c0e5077,unknown,da3eab58892c04039f4cd5ecb09ae260,2018-03-27 19:14:00,home_decor,offline,eagle,,,,manufacturer,,0.0
413e4eb37de01f40522e28ecdc268639,2018-01-12,22c29808c4f815213303f8933030604c,unknown,d9d057968270cdb30c14cba606d5dc90,2018-03-29 17:48:42,car_accessories,online_medium,,,,,reseller,,0.0
c1e598764329cc9c377ef1d029be8ceb,2018-02-04,22c29808c4f815213303f8933030604c,organic_search,d4dcd3a31f5f19aea2f258a568517a4f,2018-02-22 13:18:26,food_drink,industry,,,,,manufacturer,,0.0
9cca8d684240e24dd459f2d439fae30c,2018-02-14,b76ef37428e6799c421989521c0e5077,unknown,28760737b4b82d4479ddff8db5e9f71f,2018-02-27 20:04:12,pet,online_medium,cat,,,,manufacturer,,0.0
0d99b130d767e50e22b528261ffe5550,2018-05-29,22c29808c4f815213303f8933030604c,organic_search,0dccb6973ef48a00fbcccfe907181ab0,2018-06-11 12:04:11,food_supplement,online_beginner,cat,,,,reseller,,0.0
2c5d0b35798bffadf8f67ef0af84d183,2018-03-23,b76ef37428e6799c421989521c0e5077,unknown,93a55b2252867fd7df54c78cbd5c6d95,2018-04-02 14:20:33,construction_tools_house_garden,offline,cat,,,,reseller,,0.0
e5860ae00103b3869a25d940345bf0fd,2018-04-10,b76ef37428e6799c421989521c0e5077,unknown,1185ae3e5ac0463c854dad54fc8fc9e1,2018-04-13 12:50:35,bags_backpacks,industry,cat,,,,manufacturer,,0.0
1030d227d3fe9ed0555666c4ffd14ab1,2018-02-10,88740e65d5d6b056e0cda098e1ea6313,social,5cc5fe3c6e303fb7656ee7b0ca21ed58,2018-03-12 13:21:11,jewerly,online_small,cat,,,,reseller,,0.0
a55b94066766f2d29fc22a3bb52d78f6,2018-02-18,40dec9f3d5259a3d2dbcdab2114fae47,paid_search,5181ea7b0d346ed14c5c07f0ff22b2b4,2018-09-04 14:15:04,toys,online_big,cat,,,5-20,reseller,1000.0,180000.0
77abef21c838da55e14ffc88016ce91f,2018-01-05,22c29808c4f815213303f8933030604c,organic_search,eba08391609dfda5c016fdd264f9383b,2018-01-12 16:07:27,home_decor,online_medium,,,,,reseller,,0.0
46d9834fa62209a6504b2aabe46d7bfb,2018-02-16,22c29808c4f815213303f8933030604c,organic_search,8b3317388df29d5fa94360a486ad3356,2018-02-26 12:45:46,car_accessories,online_medium,cat,,,,reseller,,0.0
048bb2f901e2c6f99bc9d26b78b47129,2018-05-24,40dec9f3d5259a3d2dbcdab2114fae47,paid_search,fc813dd7e04b8a1c9c10e8e9c10cd5f9,2018-06-25 19:33:44,music_instruments,industry,cat,,,,reseller,,0.0
58caf27a48e7930aefd5437298d64a70,2018-03-23,65d9f9d71e562365e8b44037c2888d98,paid_search,922f6795c9e65f2485d4e63af76586ff,2018-09-21 18:18:15,bed_bath_table,online_medium,"cat, wolf",True,True,5-20,reseller,50.0,30000.0
2b094148a9d10109b903715267c4dd14,2018-02-28,b76ef37428e6799c421989521c0e5077,unknown,224167f6e956da2f71c0e8dbdaa8bbf0,2018-03-12 13:14:10,computers,offline,eagle,,,,reseller,,0.0
a15880813bd2f137e9f6922cbb7255bf,2018-03-20,e492ee5eaf1697716985cc6f33f9cd9b,paid_search,7e417525a6ce49b708fd384e580fe3c4,2018-04-03 17:19:55,home_decor,online_medium,cat,,,,manufacturer,,0.0
3bcc8997df233ab581f30dd65f14698c,2018-04-11,04a75b75d5f4f3a16b0178fbe382da00,unknown,b6cac2bb2d83cae903e336e6a993c795,2018-04-23 14:31:35,car_accessories,online_big,cat,,,,reseller,,0.0
d0b2ef3bdc9ed0fce3d672ec52dc9c00,2018-03-05,b76ef37428e6799c421989521c0e5077,unknown,45dfe11016c782d99a19f93dd34c300d,2018-03-16 14:17:34,car_accessories,online_medium,cat,,,,reseller,,0.0
902a621ebb8a96c516d34a58334eb0ee,2017-10-16,b76ef37428e6799c421989521c0e5077,unknown,2aef4c8187ab057d6f1b7e0e636aa481,2018-08-28 17:09:31,construction_tools_house_garden,online_beginner,,,,,reseller,4.0,6.0
a1ad46372861ecf61fdab04c7bf5082e,2018-02-21,146e076b71a6ca8c31b34191182a313a,unknown,8e3338430e8b66d28aa88fa892a00063,2018-02-26 20:32:17,home_decor,online_small,cat,,,,reseller,,0.0
7893b5468710641ad87f8b4aa1b8777d,2018-03-19,22c29808c4f815213303f8933030604c,organic_search,3084dcdea01fe4f2d556540e6b2e873d,2018-04-03 18:56:08,construction_tools_house_garden,industry,cat,,,,reseller,,0.0
4ddc45a9de1065695a90e87be37471c0,2018-04-05,1ceb590cd1e00c7ee95220971f82693d,organic_search,9d590e1df0faffd9ceaa1f0f0ea9af2f,2018-09-21 18:49:49,audio_video_electronics,online_medium,wolf,True,True,5-20,reseller,50.0,0.0
d2c1295f655a2d436edda96084211820,2018-05-02,e42a14209c69c3e9cc6b042620465f12,email,f49987b20beada69981c57899ffd1095,2018-08-03 17:41:00,home_office_furniture,online_medium,wolf,,,,reseller,,0.0
1cfef7cfd8d26b1ecb8b0eccca6366ca,2018-01-24,b76ef37428e6799c421989521c0e5077,unknown,5cb4a72356883c59790dc8309cddea2f,2018-01-30 16:30:17,home_decor,online_medium,,,,,manufacturer,,0.0
5931bbfb35cc483290f5dd6a9fda8ee5,2018-05-06,35c9b150ab36fe584c1f24fd458c453a,social,0db0dce302e414422ed38aabd133ae04,2018-06-18 12:46:31,food_supplement,industry,wolf,,,,manufacturer,,0.0
7281f75a3496aa1e3643f44cd5773a65,2018-05-08,27cd3540bace1f4a4b2bc6d319b0553c,unknown,309405cfad0d11cd1ec6bb5d02c70c6b,2018-05-29 20:20:26,construction_tools_house_garden,online_big,cat,,,,manufacturer,,0.0
1fcceea4a8f4e128f39d1fe92d66a0d9,2018-03-20,b76ef37428e6799c421989521c0e5077,unknown,e52d2f15bba4aff8a1e2bd12b40fdfbc,2018-06-15 19:49:16,household_utilities,,cat,,,,reseller,,0.0
1e2a84cd1c6fcd7b7a07f49f1cf7f6cc,2018-05-08,22c29808c4f815213303f8933030604c,organic_search,f4009c6b30765309a251c26bc458e0e5,2018-08-07 19:47:27,stationery,industry,"eagle, wolf",True,True,200+,reseller,,0.0
b5372c821691eff5fb470f33af079a64,2018-01-22,ce1a65abd0973638f1c887a6efcfa82d,direct_traffic,42fac6337d0f14ecdc18a82bfe6dd076,2018-01-26 20:25:59,household_utilities,industry,,,,,reseller,,0.0
165d6a6256273a3430fa4891413ac2f0,2018-03-09,f017be4dbf86243af5c1ebed0cff36a2,organic_search,e0cfd7ece071eb006b1670ea64d0904e,2018-09-25 11:55:05,construction_tools_house_garden,offline,cat,,,,reseller,400.0,100000.0
de1dbe3b8d524c96d50c30f2467c4bc6,2018-04-02,22c29808c4f815213303f8933030604c,organic_search,841fba8f46ab4edd1bb086f53735000e,2018-04-06 17:40:28,car_accessories,online_top,cat,,,,reseller,,0.0
4e6e15ac583426150b75fc9b2951c7b1,2018-03-23,65d9f9d71e562365e8b44037c2888d98,paid_search,a333655afd62d4ef51f55ac7c58abb34,2018-07-12 21:14:21,car_accessories,online_big,wolf,,,,reseller,,0.0
f9c43d70a22ac65ce5fa816a4c34f8f0,2018-02-12,40dec9f3d5259a3d2dbcdab2114fae47,paid_search,784fca1939f4ad6c73be249a80b17d18,2018-03-28 22:37:52,baby,online_small,wolf,,,,manufacturer,,0.0
67c34b9630469b3c13b7982316ffe7a1,2018-01-16,a623837d6a3000b3cd020295728e8252,,6e985a12b7b98f0a15b7bf90cc882f61,2018-01-22 13:18:32,home_office_furniture,industry,,,,,reseller,,0.0
1124225a47b3f07185073f3df3b449bf,2018-05-21,58326e62183c14b0c03085c33b9fdc44,social,faf3ee2764599d114d7e8f25d4c19845,2018-09-11 19:25:49,home_decor,online_big,wolf,,,,reseller,800.0,100000.0
4144092976e61a9c32e1c7b205d85452,2018-01-15,872eb32141128a5320bfe7b8cf80fc14,organic_search,ba56ae8ab7eb61b0c3f064f9661eb15c,2018-02-01 12:33:15,books,online_medium,,,,,manufacturer,,0.0
7c68935a1dfb1fc8fb714797e7cbf805,2018-03-23,b76ef37428e6799c421989521c0e5077,unknown,6267923376872bb45a1c804aed0f1e73,2018-03-28 18:55:26,household_utilities,industry,eagle,,,,manufacturer,,0.0
fc0a87e43ede1f423412583293815598,2018-05-16,22c29808c4f815213303f8933030604c,referral,90c523952c5622d268addb6d93a7212f,2018-08-20 13:59:51,audio_video_electronics,online_beginner,cat,True,True,,reseller,5.0,0.0
57648ec099f2451be828fb2e27d8f46a,2018-04-08,58326e62183c14b0c03085c33b9fdc44,social,0ab97fdbae52ec0e877efdf9b310528e,2018-04-13 20:38:20,food_drink,online_medium,cat,,,,reseller,,0.0
d768d7e09a6f9ff4146a1659635cf304,2017-11-24,b76ef37428e6799c421989521c0e5077,unknown,f233b575e585413f12fe2f847d922447,2018-10-30 18:21:05,household_utilities,online_big,wolf,True,False,1-5,reseller,100.0,150000.0
cdb36ea731ecf2d69881eaff7220b10e,2017-10-19,5c6c41289f4d77b9b32fb6a5e2106edb,paid_search,7d2af2d0dc5a86742cda2e5da38c1ac7,2018-03-19 03:00:00,audio_video_electronics,online_medium,,,,,reseller,,0.0
06bc22c1b089be523e97524b67084ca0,2018-05-31,b76ef37428e6799c421989521c0e5077,unknown,71729348559edea55a3e7a2bc2a2986d,2018-06-06 17:50:28,health_beauty,online_medium,cat,,,,manufacturer,,0.0
6dcca2f79e4a4672f7c91f58385b4582,2018-04-24,9fa37f5177115156b1814ffc237402a6,paid_search,94eead2f1cdacbf7ba5c5a0bdbe4cf1f,2018-04-27 14:11:20,household_utilities,offline,wolf,,,,reseller,,0.0
e73083572cc595460842f5090da94662,2018-04-26,40dec9f3d5259a3d2dbcdab2114fae47,paid_search,facd538cb53fa082bffaeee65521020a,2018-09-17 12:03:18,car_accessories,offline,eagle,,,1-5,reseller,50.0,10000.0
6fba9ab96aa12c4c9d01e74b66a74485,2018-04-24,b76ef37428e6799c421989521c0e5077,organic_search,09c34a8e333be37851747c27525a4e53,2018-05-15 20:21:11,pet,online_small,eagle,,,,reseller,,0.0
83d5aac46c097426773520489cda201c,2018-04-16,ce1a65abd0973638f1c887a6efcfa82d,paid_search,a28120fc27b206d3bc355b57040baf7a,2018-04-30 13:06:43,audio_video_electronics,industry,cat,,,,reseller,,0.0
288ba9abad93ef50e6a76089ae84aab3,2018-05-30,346137f3e0157d94372d1cafc5675908,organic_search,a8fee0ab6206634206f782c32e41a2a4,2018-08-23 12:46:40,health_beauty,online_medium,cat,True,True,50-200,reseller,300.0,25000.0
d6137197f40a5b7916e5e9cbbbab739e,2017-09-26,22c29808c4f815213303f8933030604c,organic_search,f887581ec486ee8eec9ed933310848e0,2018-05-31 21:44:18,car_accessories,online_medium,cat,,,,reseller,,0.0
bd0027406f48f714d12dc1de747133cf,2018-01-26,22c29808c4f815213303f8933030604c,organic_search,f89e46b812b06f22508f89873565ce6c,2018-04-30 20:24:05,food_supplement,offline,,,,,reseller,,0.0
d6140c51d9f0507b9a747e63e335be7d,2018-05-22,22c29808c4f815213303f8933030604c,organic_search,ce9d7ae0d0fe0a747bc46cf3f089cfaa,2018-06-20 18:31:06,audio_video_electronics,industry,cat,,,,reseller,,0.0
8f24f9bb371471be344cdb6fbcd99688,2018-01-11,e492ee5eaf1697716985cc6f33f9cd9b,organic_search,c6d5704d1ed91beed0114bcd9d3367bb,2018-03-05 18:43:20,home_decor,online_beginner,,,,,manufacturer,,0.0
1bd7d4eac464cde6f86349cbe0d61385,2018-03-03,ce1a65abd0973638f1c887a6efcfa82d,organic_search,049197f741ca0cde891420fc72fba3e5,2018-04-19 22:00:40,pet,offline,cat,,,,reseller,,0.0
a85d745228d0257adc11fd790a31cee5,2018-02-17,88740e65d5d6b056e0cda098e1ea6313,social,116e5ef667d05e59c8b95acd02670ff3,2018-03-20 14:01:49,health_beauty,online_small,cat,,,,reseller,,0.0
4952d2ac78b534c78d7a21c60a236e4c,2018-01-04,b76ef37428e6799c421989521c0e5077,unknown,41b9c7bfadf5f42b93b7bfbae1b84494,2018-01-15 19:51:21,audio_video_electronics,online_small,,,,,reseller,,0.0
e73b38ff519142fdc3723ddf4a3a5825,2018-01-12,b76ef37428e6799c421989521c0e5077,unknown,11a559e252a8d167a8ccea7abcf357f3,2018-01-19 17:23:06,construction_tools_house_garden,online_medium,,,,,manufacturer,,0.0
eea8870139b7780b13870d4299006da2,2018-03-29,22c29808c4f815213303f8933030604c,organic_search,cec13d4723ba59aae2a6663b99129a49,2018-04-04 13:50:13,car_accessories,online_medium,cat,,,,reseller,,0.0
271a299f0893b2173e77162c5c768b89,2018-05-19,1ceb590cd1e00c7ee95220971f82693d,paid_search,0ca9bd8db4679bc89692acdfcd96b6c4,2018-05-23 21:47:07,health_beauty,online_big,cat,,,,reseller,,0.0
1b061b1cec6b5898e5326992d9461610,2018-03-15,22c29808c4f815213303f8933030604c,organic_search,351cc0833086e30c04f3b0a15dbc3e93,2018-09-03 19:15:53,household_utilities,online_big,cat,,,5-20,reseller,1000.0,0.0
3f2a136272ab1bc4ee09e0695becffd1,2018-04-23,58326e62183c14b0c03085c33b9fdc44,social,6c6d00f0561125a66cffac53cfe3f913,2018-07-31 22:29:03,food_drink,online_beginner,wolf,,,,manufacturer,,0.0
f49a02e0f135ae9f2bcf60f55bcd0174,2018-01-06,ce1a65abd0973638f1c887a6efcfa82d,organic_search,f212a20c700f5a7c3d4de5ef38e02c42,2018-08-10 13:01:03,audio_video_electronics,online_medium,cat,True,True,50-200,reseller,,0.0
107fce5988735e531cae0da812db9a62,2018-04-26,65c9e96d17d8d12bc0ad3b2cde0bb8b7,other,e979bb42fb660609fe056a6bea03761f,2018-04-27 03:00:00,jewerly,online_small,cat,,,,reseller,,0.0
e903c166f2335f821f495e4419b4821b,2017-08-18,30077c17f2ec5010a82e37ad8925b95f,organic_search,bcafb8538edd43b166274b25c60b7458,2018-06-26 12:51:19,audio_video_electronics,online_big,cat,,,,reseller,,0.0
2b736f73615495dbfc8c911ef6378747,2018-03-01,c70eb6fb5bd6e939b0d5ef32f21f61e8,referral,abcb0f101902cd0ca5bfddc35ddab560,2018-07-11 14:58:50,home_decor,online_medium,,,,,manufacturer,,0.0
d8de81eff6dfe582a05bc6981879f01a,2018-03-29,b76ef37428e6799c421989521c0e5077,unknown,f85612e1b253b37d88329fdc16e8f32f,2018-04-03 18:29:19,pet,online_big,cat,,,,reseller,,0.0
a552e1db6a1c7dbac243c72a8d3140bb,2018-01-27,22c29808c4f815213303f8933030604c,organic_search,def312fb44a52de894acf688498ce1fc,2018-01-31 13:33:48,home_decor,online_medium,,,,,manufacturer,,0.0
a93dc621a446eb77129989e557dd50d0,2017-08-19,87732658ba41d8775e8577df347a64db,unknown,ec5b3cd9d6bf0a880edfda73562a7cea,2018-06-11 14:29:08,,industry,,,,,reseller,,0.0
e911087c91c63c9d3e7ee83e372d10f7,2018-01-20,88740e65d5d6b056e0cda098e1ea6313,social,1997c740529040d6a2244d2e818acb50,2018-02-26 20:59:09,audio_video_electronics,online_big,wolf,,,,reseller,,0.0
6a10f542e6f79265c34a405dbc928e37,2018-05-22,22c29808c4f815213303f8933030604c,organic_search,6fcc97197c64771f3c18aea3aa9d3913,2018-10-24 19:33:34,construction_tools_house_garden,industry,cat,,,,manufacturer,10.0,50000000.0
4a907eba6a8d0223e39ee7d45672e26b,2018-05-09,090ffa1062e6dde353c36524563acefc,organic_search,75fe775fe1a7ad296e77ea7e66b35ac3,2018-07-13 20:14:57,home_decor,offline,cat,,,,reseller,,0.0
1e8e96e5a2857a7645534e99f20928b7,2018-01-24,22c29808c4f815213303f8933030604c,direct_traffic,9e545d0501bd685bba148d9f631093f1,2018-02-22 13:16:06,construction_tools_house_garden,online_big,,,,,reseller,,0.0
8cfebc3e119ed2fe0dd172eb59b0a595,2018-03-03,c6f28f804cf6330e6de735ef6e6fe95c,paid_search,40105cb0aec41563d24ccc7b90ae7083,2018-08-30 22:00:23,home_decor,industry,cat,True,True,200+,manufacturer,40.0,100000.0
bf3e0df27b04abb4c107ab4df9955b29,2018-03-09,241f79c7a8fe0270f4fb79fcbbcd17ad,paid_search,b1116e9a35b2fa91eb4a0af8e73cdc3a,2018-06-14 18:51:26,small_appliances,industry,"eagle, wolf",,,,manufacturer,,0.0
853beae72ddb4f7a9b8c7c50dc0127e2,2018-04-02,2feec85dc487b235304e69f08fed3a39,unknown,17595577347283c0140226df762e2e6b,2018-07-03 12:26:43,bed_bath_table,online_medium,cat,,,,reseller,,0.0
3b9c2023b5da0ffe9aa0a39285c836c6,2018-01-09,22c29808c4f815213303f8933030604c,other_publicities,d7cb3f744255259a4ded02cb354f5bcf,2018-02-26 16:11:50,home_decor,online_medium,,,,,manufacturer,,0.0
fe1fa775d818957a76304c35e1939355,2018-05-11,22c29808c4f815213303f8933030604c,organic_search,618b0524377e106190c0c91cacdb4b78,2018-05-11 03:00:00,car_accessories,online_medium,cat,,,,reseller,,0.0
5641240ccf2611004c76234f4afb8f90,2018-01-09,b76ef37428e6799c421989521c0e5077,unknown,231e2c768bf979ec59ff743f16a442ce,2018-05-15 19:03:42,audio_video_electronics,industry,,,,,reseller,,0.0
bfaf03e3d41e25b94457fadfbc4521eb,2018-01-02,22c29808c4f815213303f8933030604c,organic_search,b0289c0c1f9f84008e7b4dbf795c4676,2018-01-12 18:25:57,music_instruments,online_small,,,,,reseller,,0.0
9675f0018d103531e073a3da2945df41,2018-05-14,b76ef37428e6799c421989521c0e5077,unknown,b0ec35adb04cfa85d3e0ff3f79c186a3,2018-05-17 21:47:38,home_office_furniture,industry,eagle,,,,manufacturer,,0.0
3172362312fcf09d96f02125f66b74f5,2018-05-01,e492ee5eaf1697716985cc6f33f9cd9b,paid_search,fa7cc273072520346449b9e89329768a,2018-08-10 16:46:39,audio_video_electronics,online_beginner,cat,True,True,200+,reseller,,0.0
1accc1c92278a9bc2bbc6a8002026b25,2018-04-08,649b7b8b46b254497e92038d88f6ced8,social,7df961ce758538004de6db0f5b9d7b6f,2018-04-17 14:51:42,home_decor,online_small,cat,,,,reseller,,0.0
0e327f32dbb22d433600688b7e9af0db,2018-05-25,40dec9f3d5259a3d2dbcdab2114fae47,paid_search,cee4320453079d554562dee0753d7d43,2018-08-21 21:07:30,health_beauty,online_medium,shark,True,True,5-20,reseller,500.0,30000.0
3db893ff5d6c0e9dccfed451a741853f,2017-08-29,007f9098284a86ee80ddeb25d53e0af8,organic_search,21f3118106d69d16dfe7d5aaf37cb242,2018-07-30 20:30:31,car_accessories,online_big,"cat, wolf",True,True,50-200,reseller,,0.0
626dc1c3716c817b064632fded168e35,2018-02-19,b76ef37428e6799c421989521c0e5077,organic_search,b5e7d871b063f34de611e8b448e63f2e,2018-02-26 16:09:48,health_beauty,offline,eagle,,,,manufacturer,,0.0
4433c8475916d6e6ebb8cf4994d2f1d1,2018-03-28,e873d2cf0661d3eaf417b952c7147578,email,04ed0495537199603d4930fc5c0dd026,2018-04-27 14:07:20,audio_video_electronics,offline,cat,,,,reseller,,0.0
667f061b738858573caad66f5cc56b32,2018-01-31,a7982125ff7aa3b2054c6e44f9d28522,organic_search,96c1c7f1f24470915da80563cd1202ea,2018-08-08 16:22:31,audio_video_electronics,online_medium,cat,,,,reseller,,0.0
843966e79e757cf797b7dfe514e30af1,2018-05-26,22c29808c4f815213303f8933030604c,organic_search,1f74801bb8b05750ce5e7597b685bd13,2018-06-18 13:51:38,food_supplement,offline,eagle,,,,reseller,,0.0
cf8f0678e67cb002c2b68f9f68629885,2018-02-26,241f79c7a8fe0270f4fb79fcbbcd17ad,paid_search,bed6d1f6c4664ab8cf3abf3821727756,2018-03-22 21:20:42,construction_tools_house_garden,industry,shark,,,,reseller,,0.0
e9dcae4d924ac8fff2334db6e5b99482,2018-03-02,a7982125ff7aa3b2054c6e44f9d28522,organic_search,51fdd5d43db628fada4588f89aba3e8e,2018-04-11 20:19:49,car_accessories,offline,cat,,,,reseller,,0.0
f88920d4589dae7abec2eb05fca153e3,2017-11-08,40dec9f3d5259a3d2dbcdab2114fae47,paid_search,026c6180cd86d6069dad573ce69b465e,2018-10-03 12:28:55,household_utilities,online_small,eagle,,,1-5,manufacturer,4.0,0.0
10b83e434ddcd9c79ad2b9be2fd0aa84,2017-08-24,83ccc33d426eab8a3db70bd15aba46b8,social,0691fc6052b1918d775ac6ff8275eb01,2018-01-12 02:00:00,home_decor,online_medium,,,,,manufacturer,,0.0
dcebacc996ed40656c7097704c600386,2018-05-04,22c29808c4f815213303f8933030604c,referral,d50f6d198921d51b24544738b29d2b0e,2018-06-04 13:55:12,food_drink,industry,cat,,,,manufacturer,,0.0
e4dcab5f7c33b62eb67f0a87c1b7f162,2018-03-22,58326e62183c14b0c03085c33b9fdc44,social,9485222b0bad29d3b0e860fa5ec1fdd4,2018-09-13 03:00:00,construction_tools_house_garden,industry,wolf,True,False,50-200,manufacturer,100.0,0.0
9f73f765160d33280216b73b6378c068,2017-09-23,007f9098284a86ee80ddeb25d53e0af8,paid_search,28fadc495e06e64b5d15d54959f2cee1,2018-01-31 16:18:47,watches,online_top,,,,,reseller,,0.0
bd0c413c4350a9a29fb9bec5de64e2a6,2018-04-06,b76ef37428e6799c421989521c0e5077,unknown,2aeedd049dc20e7171f43110fd0d6821,2018-06-13 16:37:42,construction_tools_house_garden,industry,cat,,,,reseller,,0.0
409b474080e928bbb5664659407b5947,2018-05-05,5dc848e7dd9418dffe183215b8ff0bc1,paid_search,6a60bd6a4afd5fc86b75b47ec502df7b,2018-05-16 17:48:30,health_beauty,online_small,cat,,,,reseller,,0.0
2b73fd917ee9cc38ec528df06d5b8561,2018-05-23,22c29808c4f815213303f8933030604c,paid_search,46bec94e1e0fc413b6adb1d1bd175477,2018-05-25 16:36:57,food_supplement,online_small,eagle,,,,manufacturer,,0.0
06f38e7909709a72b521a4a9d1c05841,2018-01-30,b76ef37428e6799c421989521c0e5077,unknown,73df8d9e8f8c54d0d42feb9bf58c718c,2018-06-05 21:47:22,home_office_furniture,online_medium,,,,,manufacturer,,0.0
8928ccba6d94d5f1481c1065330c6066,2018-05-24,22c29808c4f815213303f8933030604c,organic_search,dd22fbe4df5d84be25176054640b696d,2018-06-11 12:36:11,food_drink,industry,cat,,,,manufacturer,,0.0
58b26e6eaeb6ed078b51e6cde7925d71,2018-01-31,b76ef37428e6799c421989521c0e5077,unknown,2aa8585964d74f71e334a6c3de2ddc27,2018-02-05 18:36:39,fashion_accessories,online_small,,,,,reseller,,0.0
15992174039ff729f588d6c82cf022c1,2018-02-09,40dec9f3d5259a3d2dbcdab2114fae47,paid_search,6cd5309bfee39493f71de0350e837b3d,2018-02-15 18:21:28,car_accessories,offline,cat,,,,reseller,,0.0
6d78dcbeb39103c047f486abd2519ee4,2018-02-02,22c29808c4f815213303f8933030604c,paid_search,366b6b05f39997f102dc5179de14d43c,2018-10-01 12:27:47,health_beauty,online_small,wolf,True,True,200+,reseller,200.0,210000.0
4fbe9e8a0ace3a44f0a9e1d7fe41da02,2018-04-09,22c29808c4f815213303f8933030604c,organic_search,9169e322ad3419286d1e5ee8f1c3b3f0,2018-11-01 15:36:16,perfume,online_medium,eagle,True,True,5-20,reseller,20.0,15000.0
0b32d6a87c09c32b3cd90dfd5ef5699f,2018-04-10,b76ef37428e6799c421989521c0e5077,paid_search,4dd7866cf496e0c2fcfc93a4589dc1be,2018-04-27 14:04:06,fashion_accessories,online_medium,cat,,,,,,0.0
f63f7107398c54c17b5d14eadfa76842,2018-05-10,b76ef37428e6799c421989521c0e5077,direct_traffic,bc2579cde838eb0fa8477f7efb1298d1,2018-05-10 20:10:08,household_utilities,offline,cat,,,,reseller,,0.0
a0604c9d9ef23fbf7cb7be5091201041,2018-03-28,ee40ded7dc801923f81ab6dbbf6e5417,unknown,b7140ce94c4514bf136a2c3f98e0476c,2018-07-31 20:01:32,audio_video_electronics,online_small,cat,,,,reseller,,0.0
88e3fa7a7462c4ce017655ee2ea2ad46,2018-03-27,b76ef37428e6799c421989521c0e5077,paid_search,a50397ac35dc51ce40c4c3117828e4ec,2018-03-28 19:05:44,audio_video_electronics,industry,eagle,,,,reseller,,0.0
867b587b7c0da5f1af73b47803e60859,2018-04-04,241f79c7a8fe0270f4fb79fcbbcd17ad,paid_search,d65d93b215feab3f997441e1e0a98ca5,2018-05-14 19:26:01,computers,offline,cat,,,,reseller,,0.0
1e2001dab6238763e58c775cba225a16,2018-03-23,b76ef37428e6799c421989521c0e5077,unknown,85be0b7181c48c393007b0002fdec79c,2018-04-30 20:47:07,construction_tools_house_garden,online_medium,cat,,,,reseller,,0.0
fef0383cea937628ff95eb48ba1ffd17,2018-04-22,0625ca637bf063abf254a66fe91fa84b,organic_search,0fe3372ef9bebf177e6cb95fa0340fb6,2018-08-20 13:15:36,construction_tools_house_garden,offline,shark,,,,reseller,,0.0
f89b10e626692ac7a87c19d69f261db2,2018-03-06,ce1a65abd0973638f1c887a6efcfa82d,paid_search,964cb238d75d1e6c6e1f88adcdf14f42,2018-03-07 14:24:51,construction_tools_house_garden,online_medium,cat,,,,manufacturer,,0.0
1d0949fd6674f963b44662838ef3ae09,2018-01-07,22c29808c4f815213303f8933030604c,organic_search,167bde8a09cb3196874f3f7e2753a98d,2018-01-29 20:43:42,toys,industry,,,,,manufacturer,,0.0
8aa7c17161d6a6270218e8a7b0806263,2018-01-10,b76ef37428e6799c421989521c0e5077,direct_traffic,4e0bb097aa0fb4e2f9a146b77698427a,2018-01-19 02:00:00,car_accessories,offline,,,,,reseller,,0.0
90d2301e323b1809708324229782def2,2018-01-08,241f79c7a8fe0270f4fb79fcbbcd17ad,direct_traffic,77e81c45f03c23a7b43dbb0bdd905dff,2018-01-12 13:49:28,health_beauty,online_small,,,,,manufacturer,,0.0
790d8fa56e05ff05080e6e66fae0272a,2018-03-12,22c29808c4f815213303f8933030604c,organic_search,9e54d45e5f30ed4f296bd25d4edada20,2018-04-04 20:55:17,music_instruments,online_small,wolf,,,,reseller,,0.0
0c117e6a0b3f700bd997a11500a5c2e2,2018-03-05,22c29808c4f815213303f8933030604c,organic_search,596d3b6f78d5a703bfce24b801d2fbdb,2018-06-26 17:13:29,health_beauty,industry,wolf,,,,reseller,,0.0
0338bf13624f52beaca91ec4a23c860c,2018-04-05,22c29808c4f815213303f8933030604c,display,667ee4b0aece58908fae3fd1649b7e6c,2018-04-30 13:30:05,handcrafted,online_medium,eagle,,,,,,0.0
38427015e9934ea855bd9adcdf32055f,2018-01-05,b217afa2c1f4cb502423005639878f6d,paid_search,713a71465d58d5315a36788861dfec4a,2018-01-22 17:43:36,stationery,industry,,,,,reseller,,0.0
c3daacb733cbbe636db5b70ace98d520,2018-05-15,22c29808c4f815213303f8933030604c,paid_search,4d54524ebf3e26769edc397a2eb26462,2018-05-18 13:05:14,computers,online_top,cat,,,,reseller,,0.0
593f4a8705fd0d72d47efb651bdfb135,2018-05-07,a7982125ff7aa3b2054c6e44f9d28522,display,8dc50970bc5ef0bf96e6dc401caf0c1c,2018-05-23 21:00:58,home_office_furniture,online_medium,eagle,,,,reseller,,0.0
d57b5430f8c6a9fa9d91cb60bd237336,2018-02-06,73f31a40697cc90a86c1273563ac230e,organic_search,3c6b1149911003e599410f60c7735bc6,2018-02-28 19:15:15,audio_video_electronics,online_medium,cat,,,,reseller,,0.0
3505514e9f9ba3724fc51cb3278e0e67,2017-11-21,b76ef37428e6799c421989521c0e5077,unknown,9ebf0ac03992f6240c8339820ed03581,2018-08-02 17:32:16,small_appliances,online_big,"cat, wolf",True,True,50-200,reseller,,0.0
fdd68c10c38eb2811cbf1e13bc95b5a1,2018-04-10,22c29808c4f815213303f8933030604c,organic_search,65d5e688c5bba88c62953b3a97264d54,2018-04-18 20:19:00,home_office_furniture,offline,cat,,,,manufacturer,,0.0
f7066703eb3987f21f0d102ea8caaeb5,2018-01-22,22c29808c4f815213303f8933030604c,organic_search,013d100f608a64ec8275c038aedeb064,2018-04-06 14:15:21,food_supplement,online_top,,,,,reseller,,0.0
54007efbb2ae51f02c995466f0738caa,2018-05-14,ce1a65abd0973638f1c887a6efcfa82d,organic_search,7d91f9d655df761fd0cf119733a61e74,2018-08-14 13:56:57,perfume,online_medium,cat,True,True,5-20,reseller,400.0,0.0
1991b2c8479598ad84ed59f5446bb589,2018-05-17,b76ef37428e6799c421989521c0e5077,unknown,77d0bfeb12a6711682cc61a508f87313,2018-05-23 13:57:13,health_beauty,online_beginner,cat,,,,reseller,,0.0
0c28423a88b5dbffd0d1ee2aec41efd0,2018-04-05,0218f6be0b76aca72ab4d00ee9e8cf10,organic_search,c0199604c0ca0863cd20b95aadd24427,2018-04-06 21:43:37,phone_mobile,online_medium,eagle,,,,reseller,,0.0
af1ea7c59c7e37f0b95b48bc972ceb67,2018-05-25,b76ef37428e6799c421989521c0e5077,unknown,7461606ae81596a71b8a98fd0f2460b2,2018-05-25 18:04:39,home_office_furniture,offline,cat,,,,reseller,,0.0
6bdffb19c15963b8e630b6a1861b477f,2018-04-03,b76ef37428e6799c421989521c0e5077,unknown,76bf0e3e7d311d9069d4512cc1a232d7,2018-04-24 14:19:33,home_decor,online_small,cat,,,,manufacturer,,0.0
834e43588167648b6f83961cf22f940e,2018-02-28,b76ef37428e6799c421989521c0e5077,unknown,4ff8d644ff76721b86fdc7c75c48d4a6,2018-05-11 19:21:23,car_accessories,online_medium,cat,,,,reseller,,0.0
688026f6edb29cc7c96b287b186b03c9,2018-02-14,241f79c7a8fe0270f4fb79fcbbcd17ad,paid_search,59ddca14932ec5557c099a51c4d5a58e,2018-04-27 13:27:25,food_supplement,online_small,cat,,,,reseller,,0.0
ed1f42da2c5662307df13fe5648b05bf,2018-04-19,8999524db83541c7f1ad48906d5d4b86,referral,89c4c1dfaab405a37514bda5243b0206,2018-08-24 03:00:00,sports_leisure,online_small,cat,,,5-20,reseller,100.0,0.0
41fb0fd43593de7d24448de9f5aea38e,2018-03-02,ea4434c9a6df0098e720204ba3dbb76d,paid_search,b25ec1aff84400104d63eadc3b3052fa,2018-03-19 20:04:46,audio_video_electronics,offline,cat,,,,reseller,,0.0
7b27ab2fbcbe3b67935da0694742ed0e,2018-01-29,22c29808c4f815213303f8933030604c,organic_search,3917f19baf48b61b7c9a106ea10ad953,2018-02-16 18:51:56,small_appliances,online_big,,,,,reseller,,0.0
70699f79c6aeddeb2d322d7074c2f366,2018-04-02,68f817c510c978e3a3a7474ad2aeb75c,paid_search,d84ecc09e7c9517825a219be37aca08b,2018-04-18 19:26:35,car_accessories,offline,shark,,,,manufacturer,,0.0
85fb7822c0e202d4b3bb8c1ad5e0280c,2018-03-15,b76ef37428e6799c421989521c0e5077,organic_search,43037711a5c131786d1633e96185d278,2018-03-15 15:12:53,pet,online_big,cat,,,,reseller,,0.0
99bc9f7d864b6291861728d671d61890,2017-10-16,87780f7c05ecd79791bde76af663db15,social,3b2386b23bc4807a467c2ea5770cdd80,2018-04-24 17:05:08,household_utilities,online_medium,cat,,,,manufacturer,,0.0
0c1a046883bb8a4141228501feece7c1,2018-02-15,bdaeb752e5c3caa215ebe04c61e22325,organic_search,c30eb4a935f1ea375393aa691a69b19c,2018-02-21 12:30:22,audio_video_electronics,online_medium,cat,,,,reseller,,0.0
c733f4f772bfa7b8702ccb81887f8333,2018-04-13,1baca9df5850e5ba75545d8b2eb8d966,paid_search,77d81755dbf8e62faa0fb683e1a802c6,2018-04-28 03:00:00,home_appliances,online_top,cat,,,,reseller,,0.0
a7949e3bfe0d90df9ba1700365ac42c9,2018-02-27,22c29808c4f815213303f8933030604c,organic_search,4018093c0809ddcb1f633ed5cc3f5eb2,2018-03-09 17:24:41,home_decor,online_medium,cat,,,,manufacturer,,0.0
c2bb2199cb1cff125e02122597fbfb29,2018-04-03,15cf89bab2c3163b4f9d8601d108f8b2,organic_search,4de7a9f2b6acffd74c9f148f8902b854,2018-10-01 12:31:26,watches,online_medium,"shark, cat",True,True,200+,reseller,,0.0
b1e32544dc409b126235d7b5bc98246e,2018-02-27,b76ef37428e6799c421989521c0e5077,unknown,92887d76687f9477f1c7f759bc4a225b,2018-03-07 03:00:00,home_office_furniture,online_beginner,cat,,,,reseller,,0.0
5290b66ff9e0c1115614365d8e20f10c,2018-03-15,330b9d44078a1ae5a221d655dcb77afa,,ab2a1539d7cdbddcfb6b568447ed767d,2018-08-17 14:41:00,party,online_medium,cat,True,True,20-50,reseller,500.0,20000.0
b145d383541b505a53c5715a21385f80,2018-04-10,908dad5b22342480f5cc055b8dd55e7e,referral,a66aed6f85eb3f719792329338875b72,2018-04-20 12:18:30,food_supplement,offline,cat,,,,reseller,,0.0
4c898465f7e0becf53dd933ab2a1b6f9,2018-05-31,40dec9f3d5259a3d2dbcdab2114fae47,paid_search,08083b94b3c7e0847502a026125dbfbd,2018-06-04 18:53:50,construction_tools_house_garden,online_top,cat,,,,reseller,,0.0
19c777b5bed02ee09375ce374cf653f1,2017-10-17,b76ef37428e6799c421989521c0e5077,unknown,13a6bea45beacabbd2d7551940020653,2018-04-18 16:36:44,construction_tools_house_garden,online_medium,cat,,,,manufacturer,,0.0
9e7f111f15db1aa3830cd806660d7b97,2018-05-10,b76ef37428e6799c421989521c0e5077,unknown,80b2f7568a7016771f58c5b981da3ae3,2018-05-21 17:29:17,health_beauty,industry,shark,,,,,,0.0
768a02c350549c32585575742d6c29da,2018-05-07,22c29808c4f815213303f8933030604c,organic_search,e52a436a49da33527c29e1b5fbd09317,2018-05-14 19:17:03,food_drink,industry,eagle,,,,manufacturer,,0.0
55dbee9943100076f718829ec0359185,2018-03-04,22c29808c4f815213303f8933030604c,organic_search,14c9e2cbff9aaf67afd967798a651733,2018-03-23 17:58:38,food_supplement,online_big,cat,,,,reseller,,0.0
d348734a9ee240ebc4c0937a6e755621,2018-01-22,241f79c7a8fe0270f4fb79fcbbcd17ad,paid_search,f0533bc9cc3111a0b2f8198157a34571,2018-02-07 18:11:05,health_beauty,online_medium,,,,,reseller,,0.0
9b6e0fb52eba76006d3d11ead82fad4d,2018-03-14,330b9d44078a1ae5a221d655dcb77afa,email,ceb123995e945aab9f7c259819f70a2e,2018-10-10 01:15:56,construction_tools_house_garden,online_medium,wolf,True,False,20-50,reseller,20.0,15000.0
cdca41db5ada4bf3e8e608a495066165,2018-02-15,40dec9f3d5259a3d2dbcdab2114fae47,organic_search,bf28429c4b2c63d4a66f2a1ef89e7cfa,2018-02-16 20:09:12,computers,online_medium,cat,,,,reseller,,0.0
479f751686a3b7f1783994dd56619558,2018-04-09,b48ec5f3b04e9068441002a19df93c6c,organic_search,684ffe8bd167b50565e8546d7a99ec63,2018-04-17 18:12:47,home_decor,online_medium,wolf,,,,manufacturer,,0.0
b43f5f80ddc7bcfebd6cd94e13554e4a,2018-03-09,40dec9f3d5259a3d2dbcdab2114fae47,direct_traffic,0fca1de8751a104ca87890f19f363d4d,2018-03-16 14:22:29,bags_backpacks,online_small,eagle,,,,manufacturer,,0.0
03ba283fed2772f4e477eea4f0f236b8,2018-02-26,b48ec5f3b04e9068441002a19df93c6c,organic_search,98d634015211a1cd9b861e59b6d1b79b,2018-03-16 13:57:28,food_drink,online_medium,cat,,,,manufacturer,,0.0
9f11e692a2a53a8382be86ee9713763c,2018-01-25,22c29808c4f815213303f8933030604c,paid_search,6267b2cd3c8d9bfa2cc778c11d54e76c,2018-03-15 19:10:24,jewerly,industry,,,,,reseller,,0.0
f613b01d52b86da04ae810f173d5aaef,2018-04-06,35c9b150ab36fe584c1f24fd458c453a,organic_search,f093be9f8ecb3904adb95cbe76434e1c,2018-10-25 17:16:36,music_instruments,online_beginner,cat,,,,manufacturer,100.0,0.0
a045219c760c6f765dfb3c5a6abf54c0,2018-03-05,b76ef37428e6799c421989521c0e5077,unknown,6e1706430e9dda78c8d2d5dd1f36d545,2018-04-30 20:58:34,food_supplement,industry,cat,,,,manufacturer,,0.0
37e3398f030e206491f4a61b69d39faa,2017-11-14,a7982125ff7aa3b2054c6e44f9d28522,organic_search,cb9942fc1981289d7e809573bc69c7db,2018-01-22 13:22:05,books,online_small,,,,,manufacturer,,0.0
b5d3329593899c7a29511c6110bdc575,2018-02-12,a7982125ff7aa3b2054c6e44f9d28522,organic_search,2cadea330183af560c84a87409e5c0e0,2018-03-19 18:20:11,car_accessories,online_medium,cat,,,,reseller,,0.0
56e421575126bfe4c0592353bab5cfe6,2018-05-31,35c9b150ab36fe584c1f24fd458c453a,paid_search,1f080fb8ad65b21e195b903bd366ae68,2018-06-07 13:59:42,pet,online_medium,cat,,,,reseller,,0.0
50cd562760a5819b07a9da2239046ef0,2018-04-20,22c29808c4f815213303f8933030604c,direct_traffic,95081451c156a9d11136ecfc5422a20f,2018-04-24 14:04:51,car_accessories,online_medium,cat,,,,reseller,,0.0
888a8ba5a910f3b25c9b95dedfdc04b2,2017-10-17,1722481ac9e5371e5099dea226b5421d,organic_search,b30aab8e0bdb2b3876d33df69222cc5b,2018-09-03 03:00:00,household_utilities,offline,wolf,True,True,,reseller,1.0,0.0
1160b456c2b0d88893e20daf51f80f39,2018-05-04,b76ef37428e6799c421989521c0e5077,organic_search,bd57c88dfa162e7a0f5284a25935af65,2018-06-15 14:04:52,home_decor,industry,cat,,,,manufacturer,,0.0
da96552c519b38a0d1b5dabc42e6be00,2018-05-29,58326e62183c14b0c03085c33b9fdc44,social,b03a9c9814f98280b6d91cb560eeda5b,2018-06-12 19:54:25,car_accessories,industry,eagle,,,,reseller,,0.0
3fc2d2c3597b3e7b87c17651f98f6c22,2018-05-10,58326e62183c14b0c03085c33b9fdc44,social,6514418ce691fad2663207c14a1fc1f4,2018-08-28 21:30:52,food_drink,industry,cat,False,True,50-200,reseller,,0.0
e633a3d4fb3db2c7665c170c80db6717,2017-11-10,22c29808c4f815213303f8933030604c,organic_search,c1319b7d63c25ad7838d268fec93d0fa,2018-04-30 21:48:02,audio_video_electronics,online_big,cat,,,,manufacturer,,0.0
29237848f862237c97d24f2cd71f89c9,2017-11-07,88740e65d5d6b056e0cda098e1ea6313,social,b6a59a960c14aab3c683a673d03ca2ab,2018-01-23 11:33:43,health_beauty,offline,,,,,reseller,,0.0
a4caf71cf38708eaf17117f78fa61c9f,2018-03-12,e86b0b777206ca8a678f97428603deac,organic_search,871708b5b0c28260241a7ddbcec894c3,2018-04-19 18:10:32,toys,online_medium,cat,,,,manufacturer,,0.0
e9356c402558dcf285db53208880d47e,2018-02-16,e492ee5eaf1697716985cc6f33f9cd9b,paid_search,e9179018f5d095c744e8a333264f99d1,2018-03-05 12:52:26,construction_tools_house_garden,industry,eagle,,,,reseller,,0.0
5c490b208aeecdb2af2f4b6fb696a6fe,2018-03-15,f017be4dbf86243af5c1ebed0cff36a2,organic_search,5e8fbfbb0b53e303caf57d7408627b73,2018-03-23 19:56:18,home_decor,online_small,cat,,,,manufacturer,,0.0
a397cbaf77babef6e8fbbe9b72c7bee7,2018-02-05,b6cd08ac77c501fd6857f7916d2c24f3,referral,946a07c34ff7e9eafa2d0ad6c45340ec,2018-03-16 20:22:47,construction_tools_house_garden,online_medium,,,,,reseller,,0.0
abcb67d98a01dcf18478fd47823a8dad,2018-05-15,21a104c3279681d9856b8a48723c4fee,unknown,b3a449163f5fe8657f2f0c83f41e7a5a,2018-05-21 14:06:49,toys,online_medium,eagle,,,,reseller,,0.0
8f8161d3a6bdf6a3ba5b28fd35725356,2018-04-09,22c29808c4f815213303f8933030604c,organic_search,c03fd7fd50f9f421847d970502fe5d26,2018-04-11 22:21:15,fashion_accessories,online_beginner,eagle,,,,reseller,,0.0
2b9eb12abdcf58e92fcf797a1eb2983d,2018-03-23,22c29808c4f815213303f8933030604c,organic_search,108ca0788dee2b34051cd325dd9eafed,2018-04-03 20:47:56,bed_bath_table,online_medium,cat,,,,reseller,,0.0
fa5e2d8f160a9160ba19cf589cdc017b,2018-03-09,ce1a65abd0973638f1c887a6efcfa82d,paid_search,cdb142290473bb9442f55741e430682e,2018-04-11 15:15:51,home_decor,online_medium,cat,,,,manufacturer,,0.0
1360d3a80eca6292f33a04f7aebb5fee,2018-05-31,22c29808c4f815213303f8933030604c,referral,12e6ecc830aa50dcace131431d90f426,2018-07-02 13:40:15,home_decor,industry,cat,,,,manufacturer,,0.0
9375fea0a120ddcc052f02b81cde38fe,2018-05-08,ce1a65abd0973638f1c887a6efcfa82d,organic_search,a6a52627793bc24c517d364354c20f6f,2018-05-18 20:27:46,home_decor,online_small,eagle,,,,reseller,,0.0
7318634fbf3172a58af7c638ddc76184,2018-04-20,fa5a0151e1f37d0055a3478fbb48827a,organic_search,bbe9a13ea83539951c8edfc200565bad,2018-04-26 13:40:00,home_decor,online_big,cat,,,,manufacturer,,0.0
963637be23e343ea96024053fdecd723,2018-04-08,22c29808c4f815213303f8933030604c,organic_search,e00c0a3af0718a2ecf6618c84cd1b1ff,2018-11-01 11:47:50,fashion_accessories,industry,cat,True,True,20-50,reseller,200.0,0.0
9b4e84017d08b6576f1282367901c964,2018-02-13,b76ef37428e6799c421989521c0e5077,unknown,8bee95b757e33c86511de3f9311100b9,2018-02-27 13:54:11,car_accessories,online_medium,wolf,,,,reseller,,0.0
0d7c4c62f923a1527f1e9e5bb30e5d60,2018-03-21,b76ef37428e6799c421989521c0e5077,unknown,e6bb1e7ea5580c5b9f0970407b3f8c7b,2018-03-29 18:12:58,construction_tools_house_garden,online_medium,cat,,,,manufacturer,,0.0
24b23168fdaa0d98e9119081cd4fdd3e,2018-04-17,22c29808c4f815213303f8933030604c,organic_search,0b0c50f6ddac7e6e7ed9d513ec122c74,2018-06-06 13:53:35,household_utilities,online_small,cat,,,,manufacturer,,0.0
c263e540e76c57607b5e1b613fbc8732,2018-04-20,b76ef37428e6799c421989521c0e5077,referral,a2fbfee48b1a9b455b126c70e421ec91,2018-04-25 16:22:26,gifts,online_beginner,cat,,,,reseller,,0.0
3c0e7686e6e39489f6a45f6c7ec0dddb,2018-02-27,22c29808c4f815213303f8933030604c,referral,7020bbe82544a814b5665a2887119267,2018-05-25 15:00:14,health_beauty,online_medium,wolf,,,,reseller,,0.0
010ed37e44e2fdc175b4c5c6c930805a,2018-03-06,b6885f18d203a61176418c1fb3764815,paid_search,8c6d188ef073e289887bc52bc37f3e61,2018-09-14 14:43:50,audio_video_electronics,online_medium,cat,True,True,5-20,reseller,70.0,250000.0
b83a52c035258ed43d787106b1765e35,2018-05-28,7fa6214d82e911d070f51ef79381b956,organic_search,99a6380f4dd5ed504cd8003d94d0be25,2018-08-08 21:14:25,home_decor,,,,,,reseller,,0.0
d2ac71782272659e7171150d20d59158,2018-05-14,a850a8a187e36cb07a8d06700d141993,,3387acafd8bea46d73fc50cc9f7e2a9a,2018-05-15 21:17:04,computers,online_big,cat,,,,reseller,,0.0
b68eec99f3b66e98022e60843901fe3e,2018-03-09,88740e65d5d6b056e0cda098e1ea6313,social,45f04cd6eccb0a2ab2ed62d4939ca2d2,2018-03-16 19:52:21,household_utilities,online_top,shark,,,,reseller,,0.0
3ce39e5e8a82aa26e73fb52221089d5e,2018-03-24,ce1a65abd0973638f1c887a6efcfa82d,organic_search,59055625da956ae84296c08491141984,2018-04-30 19:28:30,construction_tools_house_garden,online_medium,eagle,,,,reseller,,0.0
614a4db226bdaf4ffdbf60e37eda9213,2018-04-23,7fa6214d82e911d070f51ef79381b956,organic_search,47ff0b75e3609b6b80fbd1450384a623,2018-05-04 03:00:00,home_decor,industry,cat,,,,manufacturer,,0.0
b53cbe6da81db747a73e52a5a48d2703,2018-02-12,b76ef37428e6799c421989521c0e5077,unknown,87193a47e93a5c1912254392431f524d,2018-02-15 14:37:04,health_beauty,online_small,cat,,,,manufacturer,,0.0
a02248212328cdea5940d1c050f6c6e1,2018-04-24,649b7b8b46b254497e92038d88f6ced8,social,b12cce16926aca79e4dc5483947792cc,2018-04-27 16:24:00,car_accessories,online_medium,wolf,,,,reseller,,0.0
de615d957b9c5f4b8fd48893f7267a15,2018-05-25,22c29808c4f815213303f8933030604c,referral,98932494b926a74eda339b76ce0b4bc0,2018-05-25 22:37:08,sports_leisure,online_big,cat,,,,reseller,,0.0
50523d9bd9d5d9a44bbc2f778954c5ae,2018-03-24,fbc24da54d531c6204ae2d17b1090bb1,paid_search,9966324e28b7fa38165d2d3d12d53b7f,2018-09-24 20:45:42,phone_mobile,online_big,shark,True,True,20-50,reseller,45.0,8000000.0
08a7223e876a045d511074e8c9c8e937,2018-03-04,649b7b8b46b254497e92038d88f6ced8,social,7cae39bbb9e55772693688c5afd957e6,2018-03-07 13:56:43,bags_backpacks,online_medium,cat,,,,reseller,,0.0
f1a425f699458e09372b5da49c06fd33,2018-01-22,87d670b00a8db612286ba8419cf82e83,paid_search,3b945b144f631e998d7e484cc48b3783,2018-08-20 21:05:48,computers,online_small,,,,,reseller,20.0,40000.0
e3c586bec59ecb0430e34fb6bc37fb8d,2018-05-24,ce1a65abd0973638f1c887a6efcfa82d,organic_search,28d365edb9c888771df5915b575f8f34,2018-05-24 16:47:23,home_decor,online_beginner,cat,,,,reseller,,0.0
c2174952a0255de7fb31b91a037f1e16,2018-01-12,30077c17f2ec5010a82e37ad8925b95f,organic_search,67edf85a314145ec81e546794dbc31cc,2018-01-18 20:02:48,construction_tools_house_garden,online_big,,,,,reseller,,0.0
6c5532cd89a43796f19e4ac21f3b8c72,2018-01-18,ce1a65abd0973638f1c887a6efcfa82d,direct_traffic,4f6bf26bd1ecc9aa855e9cce6869b566,2018-05-11 17:24:16,audio_video_electronics,online_medium,wolf,,,,reseller,,0.0
d94101ad400cbaf86b951c78f8172039,2018-01-30,22c29808c4f815213303f8933030604c,organic_search,fc7adf89a5d4fb88c007094fdae351c4,2018-02-27 12:23:13,handcrafted,online_big,cat,,,,reseller,,0.0
f5f0711534e0b5d69c8e4206dd17cd88,2018-03-13,0218f6be0b76aca72ab4d00ee9e8cf10,direct_traffic,f66425655311542de5db64f27d0d5651,2018-03-19 17:36:04,car_accessories,online_medium,cat,,,,reseller,,0.0
57a80e778f3d755b4f2166e6a60826fd,2018-01-22,b76ef37428e6799c421989521c0e5077,unknown,bea51724befa11664f1d44a92ba8f4c3,2018-04-18 19:01:21,jewerly,online_beginner,,,,,manufacturer,,0.0
5c3fd6f239bbbd47b94fb424c8827b2e,2018-03-08,88740e65d5d6b056e0cda098e1ea6313,social,528f22dfa20a3de9375b2b38e49cc617,2018-05-04 03:00:00,home_decor,online_beginner,eagle,,,,reseller,,0.0
644b522e92999426ab230d94a4bb4512,2018-03-08,88740e65d5d6b056e0cda098e1ea6313,social,e6cf587c2552879f7471e7e8c993ea1c,2018-05-07 18:22:39,car_accessories,online_medium,wolf,,,,reseller,,0.0
d2e8ac40dc18011d5ecd890846f36ec1,2018-04-12,9c0962a42379157493ed685d19844388,paid_search,503ad3c3811010c6ba4577f411724b13,2018-04-27 03:00:00,food_drink,offline,eagle,,,,reseller,,0.0
f9cb3124b5a22b133f21273ef2cb0695,2018-02-06,22c29808c4f815213303f8933030604c,social,9e3f08af3b6caa76962b05087eed5425,2018-04-16 16:58:06,construction_tools_house_garden,online_medium,eagle,,,,manufacturer,,0.0
a244f80bac3293a03b71b032e0e09ce5,2018-04-02,22c29808c4f815213303f8933030604c,organic_search,43ac443db8d4fbfb1454aa1364404264,2018-04-06 16:56:39,car_accessories,online_medium,eagle,,,,reseller,,0.0
dca7085d5af68e91d19ed7cb75e1dd86,2018-03-06,22c29808c4f815213303f8933030604c,organic_search,54212aa507a8696b0766046bd3aecdc3,2018-03-15 12:43:46,jewerly,industry,cat,,,,,,0.0
3efcdd8c4998017c9578b28a059f72e4,2018-03-05,ce1a65abd0973638f1c887a6efcfa82d,organic_search,267116eae2e631a965ef86be260f9278,2018-03-07 19:04:28,fashion_accessories,online_small,eagle,,,,manufacturer,,0.0
501f06dacc74edd54022151f71c8960b,2018-03-20,40dec9f3d5259a3d2dbcdab2114fae47,social,770145ac7913d8d3ace8aa83a1304938,2018-03-26 20:54:23,bed_bath_table,online_medium,cat,,,,manufacturer,,0.0
c07c69d716213f5eb297e2721115daca,2018-03-14,22c29808c4f815213303f8933030604c,organic_search,cf8ca2db83470a73b7cebdd86ea96fb9,2018-03-21 16:16:52,phone_mobile,industry,eagle,,,,reseller,,0.0
9c6dc3ff593093879a0eaf172f13589a,2018-02-02,b76ef37428e6799c421989521c0e5077,unknown,b6584a94139a5dd427c5b2d918116197,2018-03-12 13:00:43,bags_backpacks,online_small,,,,,manufacturer,,0.0
7375737cbc45eaf7c478be2858e294ca,2018-04-19,b76ef37428e6799c421989521c0e5077,unknown,89d394e1e062b0c231c559196aa7e18c,2018-05-02 17:29:18,computers,offline,cat,,,,reseller,,0.0
e3ad7bdd4df4a7d9653820d9d67d4e49,2018-05-01,b76ef37428e6799c421989521c0e5077,unknown,2f7c0e24a8a8fa5c807b59f66c2e9637,2018-07-09 03:00:00,sports_leisure,online_medium,cat,,,,,,0.0
ed68030ad096167305ee933b382d92f4,2018-05-23,b76ef37428e6799c421989521c0e5077,organic_search,81cce42d33ddf3d4f89f1d476b5e35e7,2018-05-30 13:34:09,health_beauty,industry,eagle,,,,reseller,,0.0
d238f0c1fbf6fccb32a3f8efcf03e3b8,2018-05-07,f017be4dbf86243af5c1ebed0cff36a2,organic_search,68c701b433babf6e12018f1a674d3228,2018-05-09 16:52:06,home_decor,offline,cat,,,,manufacturer,,0.0
012fa44d6752ee07c167165cb8c6f11c,2018-03-07,22c29808c4f815213303f8933030604c,unknown,528e4514f9339c1c3dd7535fd1a2d8cb,2018-03-08 15:01:48,home_decor,online_small,wolf,,,,manufacturer,,0.0
ab712090eb9a27881b63080c859147de,2018-01-11,b76ef37428e6799c421989521c0e5077,unknown,18d5b01a5ca858cf540df954e063978d,2018-02-02 16:44:11,audio_video_electronics,,,,,,reseller,,0.0
3d25d97d74b25fda24861545538d0475,2018-02-06,0218f6be0b76aca72ab4d00ee9e8cf10,unknown,ce77b964b9986a57b37b928be67d9959,2018-02-23 12:03:59,food_supplement,online_medium,wolf,,,,reseller,,0.0
f220cfabf79009211ae4493c75c742a9,2018-04-25,22c29808c4f815213303f8933030604c,organic_search,1b69e7630792e60471efca457d5b57af,2018-08-15 19:09:36,handcrafted,online_medium,eagle,,,,manufacturer,22.0,0.0
67577e94367b2efc073a5c9085a0e31d,2017-12-08,ce1a65abd0973638f1c887a6efcfa82d,direct_traffic,5a4473aa20aec979dea3eee0822165aa,2018-10-10 16:35:47,fashion_accessories,offline,wolf,True,True,1-5,manufacturer,15.0,0.0
4b28b220ac44eb9727640e0b78cc622c,2017-11-10,22c29808c4f815213303f8933030604c,organic_search,573becd44db78cee00182ec4a5594806,2018-04-20 20:11:23,household_utilities,online_big,cat,,,,reseller,,0.0
9e7dc95c541eb2d8bf26affe1089821f,2018-04-24,ce1a65abd0973638f1c887a6efcfa82d,organic_search,b18791c7580856ccf7c72d22acd59873,2018-06-19 21:04:53,fashion_accessories,offline,eagle,,,,reseller,,0.0
fca7ac68a9bcfe7ec3a017257471f198,2018-02-20,40dec9f3d5259a3d2dbcdab2114fae47,paid_search,48fa294ea8e32148c8dba7a692b72bfc,2018-04-12 12:35:49,sports_leisure,industry,cat,,,,reseller,,0.0
7ccf00b6949c12d2df1963c60fad4f25,2018-03-19,c35447dcd1a50b2e2ee3184be602b597,social,294e164108bc80d8fbf5ee39c448461c,2018-04-03 20:39:13,car_accessories,offline,wolf,,,,reseller,,0.0
fe7fdf179234f77c4d0ab2ea82a82c52,2018-05-08,f98c2bd96ac4a5d9476734e790c91384,organic_search,e19d488f67425e5a884abb42dfa0c458,2018-08-30 22:34:38,car_accessories,online_small,cat,True,False,unknown,reseller,40.0,0.0
9064926a39ede3627d76ffcc643bd773,2018-03-21,b76ef37428e6799c421989521c0e5077,unknown,6de5884cc604dc6798577fbf91e86836,2018-03-27 17:57:49,jewerly,online_medium,wolf,,,,reseller,,0.0
44f24b3c093ffe8bb756db22f86a9a2f,2018-03-15,330b9d44078a1ae5a221d655dcb77afa,paid_search,ce4f1d45100bd92470c482527f73f72d,2018-03-29 17:45:03,phone_mobile,industry,cat,,,,reseller,,0.0
b05d4080611fca7960d66263f2b29fa5,2018-02-05,40dec9f3d5259a3d2dbcdab2114fae47,paid_search,7d2d952e020034f05b4b7a7222563d89,2018-02-22 13:28:41,food_drink,industry,,,,,manufacturer,,0.0
f593b9ead8801922f74f0a5329e31486,2018-01-21,639b8856a99f6e208406b764ba5a7be5,organic_search,e157c96a8e7711636119c6af8e7cf85f,2018-02-26 14:46:28,sports_leisure,online_medium,cat,,,,,,0.0
5ca05341418f09367540f05484d0b650,2018-01-13,ce1a65abd0973638f1c887a6efcfa82d,organic_search,fdde1d384dea864917f6b8f2d330986e,2018-01-23 18:30:32,party,offline,,,,,manufacturer,,0.0
92732d8798add606646430bbd6748bfd,2018-04-20,40dec9f3d5259a3d2dbcdab2114fae47,paid_search,2fc89ae84d3c48eda4b268408f6ad6d7,2018-07-10 15:57:10,watches,online_medium,eagle,True,True,5-20,reseller,,0.0
8aa25d565a8891e68d123138a137622b,2018-03-19,83355a82a9cee26f3ba2b186ddb0bbbe,unknown,bfee0cb1dc3d4e4a2d625daeafaa3d3e,2018-04-12 21:32:57,pet,offline,cat,,,,reseller,,0.0
000dd3543ac84d906eae52e7c779bb2a,2018-04-05,b48ec5f3b04e9068441002a19df93c6c,organic_search,500b5e25308adf85bbc0bbc52c3dc05b,2018-04-24 03:00:00,home_decor,industry,cat,,,,manufacturer,,0.0
16a50d670cfa9afa1ebd0022240fb0f9,2017-10-25,241f79c7a8fe0270f4fb79fcbbcd17ad,paid_search,2866098c2a38fb723ee05f5b65635df0,2018-02-09 15:46:42,fashion_accessories,online_beginner,,,,,reseller,,0.0
cc1d6397370f680339bb84ca6ad55267,2018-02-16,ce1a65abd0973638f1c887a6efcfa82d,email,767f9c7cc8d4c288b891893b61f3a2ca,2018-03-06 13:29:10,food_supplement,offline,cat,,,,manufacturer,,0.0
91bf42fe769d7f395d8f11b747000def,2018-03-09,241f79c7a8fe0270f4fb79fcbbcd17ad,organic_search,19d7a4faa5de92caef9ad5128e6b1467,2018-03-14 12:24:20,home_decor,online_medium,cat,,,,manufacturer,,0.0
c5b432382d5978b94676426a32725dff,2017-09-25,87d670b00a8db612286ba8419cf82e83,paid_search,3cbdc3237aa8afe44324bda4a1ccf676,2018-10-03 18:32:49,car_accessories,offline,,,,,reseller,300.0,100000.0
c56202b66d431a16fbc0260c3d2bd1f6,2018-05-28,40dec9f3d5259a3d2dbcdab2114fae47,paid_search,d687681225767af6d214d1b3ae13f66a,2018-06-11 19:23:48,food_supplement,offline,cat,,,,reseller,,0.0
3b3f06f94891410cd5cec559abe7cff8,2018-04-02,a7982125ff7aa3b2054c6e44f9d28522,display,9cec48faacf156410e6c576bcefdade5,2018-04-12 14:02:51,construction_tools_house_garden,online_medium,eagle,,,,reseller,,0.0
44d37f9019983d92ead37f855133415b,2017-11-21,f017be4dbf86243af5c1ebed0cff36a2,organic_search,8f014a85666ef7e6a98b99a7e136bacc,2018-01-19 02:00:00,bags_backpacks,online_small,,,,,reseller,,0.0
1d015de3059eb8754a365b5bbc735818,2018-05-23,22c29808c4f815213303f8933030604c,referral,2157c762d011d8bdf2097f45d80df0ef,2018-07-18 18:48:13,health_beauty,online_big,cat,,,,manufacturer,,0.0
f4854d16f1c74c2e64a5b01933a04ada,2018-05-07,b76ef37428e6799c421989521c0e5077,unknown,fe1f84058e11c26fe9582167f47c343c,2018-05-14 13:36:50,bags_backpacks,online_medium,cat,,,,reseller,,0.0
52427b6097c05044266c10cf110bb16c,2018-04-29,22c29808c4f815213303f8933030604c,referral,b89f350d98e85cdac1137510bd7b566e,2018-04-30 18:30:12,baby,online_beginner,cat,,,,manufacturer,,0.0
da740a2d739707c310f3762453b41359,2018-01-04,40dec9f3d5259a3d2dbcdab2114fae47,paid_search,f085a186e0ab15cb03a8bf46e07a8397,2018-01-24 11:33:32,computers,online_big,,,,,reseller,,0.0
cd39b2fcf60d4580dbe25b82be3fd1ab,2018-02-20,54d5e01ab35155d4bd8cf723fc6f04a0,organic_search,72bb43f9683adea77d240b7985e2dfa2,2018-03-27 03:00:00,pet,online_medium,wolf,,,,reseller,,0.0
5b6359f4589fe6e5a4856110f0480240,2018-05-17,a7982125ff7aa3b2054c6e44f9d28522,organic_search,e77e2e91d8ba596f5bce16b906255fe0,2018-05-22 12:44:38,books,online_beginner,wolf,,,,manufacturer,,0.0
5ee85f64aafcce6b24e3e1171a475ea6,2018-02-03,f017be4dbf86243af5c1ebed0cff36a2,unknown,d8887be1427e48581e65fed5faf03bce,2018-08-21 12:30:34,computers,online_medium,cat,True,True,1-5,reseller,30.0,5000.0
b8a54e345fa5fa48d9f72b7cd514240d,2018-04-05,22c29808c4f815213303f8933030604c,organic_search,98151b0a22aa6e9ac06a7bb854fa6959,2018-04-30 14:27:15,home_decor,industry,cat,,,,manufacturer,,0.0
dada30935bcfc75c69e651430ea8815f,2018-02-03,0218f6be0b76aca72ab4d00ee9e8cf10,organic_search,f2c87addc7e39e1c73457c4ec85ed728,2018-09-27 17:36:04,bed_bath_table,online_medium,cat,False,True,50-200,reseller,85.0,0.0
1dbafa1bd602541ba5249cf8cc388acf,2018-05-25,7fa6214d82e911d070f51ef79381b956,organic_search,252b493131fc46ee4a19fbfcbd565676,2018-06-04 12:47:47,computers,online_medium,cat,,,,reseller,,0.0
d92949512f85bf2db92ad19b662922f6,2018-05-16,b76ef37428e6799c421989521c0e5077,unknown,0502e5d79bd91b34b68cef9b3b45230c,2018-05-18 19:32:40,health_beauty,online_medium,eagle,,,,reseller,,0.0
fceb58eea3ffda92cf9ab32fd9e5fe0d,2018-03-22,e492ee5eaf1697716985cc6f33f9cd9b,organic_search,dc00a47754c9e2eda1f84b0bff6ee95e,2018-04-23 13:23:55,stationery,offline,cat,,,,reseller,,0.0
cd60cded04fede4abccff6e0dea36f6e,2018-02-17,22c29808c4f815213303f8933030604c,organic_search,dd3c4f2160ceb84483c6ef84ddc541e0,2018-07-20 20:30:20,handcrafted,offline,wolf,,,,manufacturer,,0.0
e03c43e6cfff88b9e06badf1de66b950,2018-04-21,0b353d6bc27566f1d238313c33d95f56,paid_search,5f4ffce0fafd72596bcb09d1467981c2,2018-07-09 12:54:57,health_beauty,online_medium,eagle,,,,manufacturer,,0.0
f5772c97a8e2bcf909674d8701480d55,2018-01-30,ce1a65abd0973638f1c887a6efcfa82d,organic_search,63c6951772f3f4fc4e40ffd24207fd19,2018-03-09 13:45:50,phone_mobile,online_big,cat,,,,reseller,,0.0
4926b735eb624e5de200880635cc272a,2018-01-08,22c29808c4f815213303f8933030604c,organic_search,2ec7ffe99ecc5afc2e48920c9d1fbff6,2018-01-12 12:23:31,air_conditioning,online_big,,,,,reseller,,0.0
0383bd4aa37e8dd109be3864bc703eda,2017-10-26,733adfe409c752b5c200bf23fa2f22d0,paid_search,9fbe791853dbd2e3894d85162a8ff934,2018-10-02 21:25:39,car_accessories,online_medium,cat,True,True,5-20,reseller,75.0,25000.0
5177d7712d018e49b0015adfdc2bb393,2018-03-23,e492ee5eaf1697716985cc6f33f9cd9b,email,19d2a3535e887b30be7081676fb1a499,2018-04-13 03:00:00,stationery,offline,cat,,,,reseller,,0.0
3f972cdb5e257034c5ad72bd3b0ed184,2017-11-17,b76ef37428e6799c421989521c0e5077,unknown,a0ed0c00bfd64109d4ea03c97cc12486,2018-10-08 17:22:23,home_decor,online_medium,wolf,True,True,1-5,reseller,70.0,30000.0
b440cc1f36911a5256b3dc30a1d599ba,2018-01-19,ce1a65abd0973638f1c887a6efcfa82d,direct_traffic,8116eb23b96c15ec02dd90632371494c,2018-01-29 10:35:52,bags_backpacks,online_beginner,,,,,manufacturer,,0.0
5b7fc89c42ee0f99a9db33e8baed5c52,2018-03-16,4aab772aeb9833c170d8ea5413e02eac,organic_search,39cd336c2436c88d88096f7ef9305026,2018-03-27 21:32:52,home_decor,online_medium,cat,,,,manufacturer,,0.0
bfa4c8f989b5998d069da0a75550a7ce,2018-03-15,22c29808c4f815213303f8933030604c,organic_search,694892adec9a8e54155c2a2e99b6bd0c,2018-04-03 12:21:09,car_accessories,offline,cat,,,,reseller,,0.0
0dabd1a1be08da96cd6fa993b9afb0a8,2018-05-26,d83b0d0e48c8447d1d5507a44027a955,paid_search,a0b6a15b3b776d289bb0eca2d9115eaa,2018-10-29 16:54:59,toys,online_medium,eagle,True,True,5-20,reseller,100.0,4000.0
9ab8da6ebb84a25f23233a3a2e8cfc11,2018-02-04,88740e65d5d6b056e0cda098e1ea6313,social,f177c11663deb4c3c07af399b26f5110,2018-05-15 13:29:59,car_accessories,online_medium,,,,,reseller,,0.0
80a19b2bee623d67010812c64f360300,2018-02-06,b76ef37428e6799c421989521c0e5077,unknown,abc39d62971a3ef6d4b285f65513006f,2018-10-24 11:33:31,books,online_medium,wolf,,,5-20,reseller,30.0,0.0
c22f68de5bdce96fee03e21ca08d898d,2018-02-07,40dec9f3d5259a3d2dbcdab2114fae47,paid_search,b15dd2f0fabf60d00bb3bc95834fb45d,2018-09-06 16:31:09,construction_tools_house_garden,offline,cat,True,True,5-20,reseller,10.0,0.0
0456932dafd6f6b56f142efaa19ea8ed,2018-04-10,b76ef37428e6799c421989521c0e5077,unknown,c38c6d00a783927b6a3df86ea650ed4f,2018-04-27 20:10:02,audio_video_electronics,online_small,cat,,,,reseller,,0.0
10d6786c2646e4ef82973b3045096882,2018-05-02,58326e62183c14b0c03085c33b9fdc44,social,fb66238168277301f44d960416bf5c1f,2018-10-05 12:35:50,fashion_accessories,online_small,cat,,,,manufacturer,,0.0
79304cca1ad8a247a9bafffd5f4db436,2018-02-06,40dec9f3d5259a3d2dbcdab2114fae47,organic_search,8ba4b332e611171e234324cf3f9f28e3,2018-02-14 17:11:22,food_drink,industry,,,,,manufacturer,,0.0
8999714b474171439f0c56236609a287,2018-01-16,22c29808c4f815213303f8933030604c,organic_search,4ac30efebddcd090914475c8201899b4,2018-01-29 02:00:00,home_decor,industry,,,,,reseller,,0.0
d8bbc05a9852cf8c785e2b05c5ba1bd9,2018-02-09,da14b7e2eb0d1eecf65abbd05a31c87d,unknown,5544a079319b0984ee5d3ea03ea57da2,2018-02-19 21:08:55,computers,online_medium,cat,,,,reseller,,0.0
b37245bd5e22836dea166c9bf1ce3715,2018-05-10,b76ef37428e6799c421989521c0e5077,unknown,8caafb23d9d6b7e75485fcc2bdc260e0,2018-05-10 18:11:09,home_appliances,online_medium,eagle,,,,reseller,,0.0
98f57d973e7f90b1b813f13e5ebd847c,2018-05-24,1ceb590cd1e00c7ee95220971f82693d,paid_search,dd27d8e77c7920dc26f5da40bf65ce73,2018-09-04 14:34:07,car_accessories,offline,cat,,True,,reseller,600.0,0.0
8df878a8e746bb16f57beaa0615b5693,2018-04-08,58326e62183c14b0c03085c33b9fdc44,social,de83e0600df76319c24c3670ebcb2d5f,2018-04-13 21:53:17,home_decor,online_small,cat,,,,manufacturer,,0.0
07c70f3b440791aa82c370d17910f32f,2018-01-11,a7982125ff7aa3b2054c6e44f9d28522,organic_search,85182120f8a3331fcddb54f27a77dda2,2018-03-02 16:20:21,sports_leisure,online_medium,,,,,reseller,,0.0
bf38970e96dee81ef0b4b76c2feb1a2a,2018-02-19,f017be4dbf86243af5c1ebed0cff36a2,unknown,bb219facd42c2384181e8f3330b42df9,2018-02-20 19:40:05,baby,online_medium,cat,,,,reseller,,0.0
86b283c5d439e7c9a64dca8e850c5ebc,2018-03-26,fa5a0151e1f37d0055a3478fbb48827a,paid_search,a99634624f85b4f63f87bc334b846962,2018-03-26 21:56:43,home_decor,online_medium,eagle,,,,manufacturer,,0.0
d6beac7184414a6487a7edade4c0f2ef,2018-04-27,22c29808c4f815213303f8933030604c,paid_search,b8caedd58f7afe8fea08b95f272bc080,2018-05-02 17:22:49,car_accessories,online_medium,cat,,,,reseller,,0.0
b64eccfaa3c560d142a15ca43a0ddc98,2018-05-08,8ff57dffc365fcb5233232fff6e6bfd0,organic_search,3844ab927429de8fcb426e4886024ee9,2018-08-22 13:14:44,health_beauty,online_medium,"cat, wolf",True,True,50-200,reseller,50.0,10000.0
9678fa54dc9751a0633fe25843f900b4,2018-02-22,b76ef37428e6799c421989521c0e5077,organic_search,c7471f493e0cf386881d09659a4a32a4,2018-02-23 20:27:56,toys,offline,cat,,,,reseller,,0.0
418f995ca45e4394daa4447bd637ec4d,2018-04-11,ce1a65abd0973638f1c887a6efcfa82d,organic_search,bb94878eed7bad1bdd88e19f6c322f8e,2018-04-13 18:12:32,audio_video_electronics,online_medium,eagle,,,,reseller,,0.0
803fce03a8d1123afbbdbbbad0c4377d,2018-03-02,2cae266d756f8688d24bf43c5b5d9d84,unknown,fe53fc6949a462475c07fcb57ead57ce,2018-03-09 20:05:55,home_decor,offline,shark,,,,manufacturer,,0.0
7f6401a2da5927d2c2fe3b6b946a9f37,2018-04-30,c2826f1fb1ca7c1b7c7b63c1018b8ba5,unknown,837db36e3b34fffca8725343601a74a7,2018-07-12 19:56:39,food_drink,industry,wolf,,,,manufacturer,,0.0
51d81424aa2d36bf4248ae8a4a3cc885,2018-05-26,330b9d44078a1ae5a221d655dcb77afa,direct_traffic,62b967c1884c0e9ca8b9dba64be0b136,2018-07-31 13:29:15,audio_video_electronics,online_medium,cat,True,True,50-200,reseller,,0.0
51b030d05fdce1d571c4f55eed93d323,2017-11-30,c79bafc4a099ff23e3bab1534797fb45,paid_search,e58a75d874cd483e80fb3ba9aa35db51,2017-12-14 11:30:13,health_beauty,online_small,,,,,manufacturer,,0.0
df2782c019d0d66a88af774011e8ab29,2017-09-11,22c29808c4f815213303f8933030604c,organic_search,2bee35533016f9992645dd6df0eca7e4,2018-04-05 13:18:02,home_decor,online_medium,,,,,manufacturer,,0.0
92ad56ab29e347d1779a07879d38c67a,2018-04-10,22c29808c4f815213303f8933030604c,direct_traffic,c846aef46d0aa00378cc6c24fd7fb474,2018-04-23 16:16:57,household_utilities,industry,cat,,,,manufacturer,,0.0
00dc5000951c268cc8655294daf67b1b,2018-03-26,282cb66cf00adbf96a4486eb4cb2431c,paid_search,00065220becb8785e2cf78355eb9bf68,2018-07-10 11:34:50,handcrafted,online_medium,cat,False,False,20-50,reseller,,0.0
07e3b175a6c00f310d4e7e4b17df1304,2018-02-16,b48ec5f3b04e9068441002a19df93c6c,organic_search,8ec9a02e1c573e5ebf9133968d9b0042,2018-02-28 21:24:13,home_office_furniture,industry,cat,,,,manufacturer,,0.0
d75057842b733134576d690d1d9509a2,2018-05-02,b76ef37428e6799c421989521c0e5077,unknown,a86bf7a9ba609d0527f10ea8f0a5446c,2018-05-08 20:14:11,sports_leisure,offline,eagle,,,,manufacturer,,0.0
6e668e75a724c96385d31729d5f7759b,2018-05-29,bfd05fa9f9fe2aedee539951a84f2aaf,paid_search,f50d9d5fa45cba8c1a6b643987810c34,2018-08-24 11:54:08,construction_tools_house_garden,online_big,cat,True,True,50-200,reseller,300.0,0.0
d5f8ca8f1c429e41c73b370ad2fb45a1,2018-04-02,d387e61aff60919eae0a5ef1773db0db,unknown,f3c747c1913de1af068d8feb79900063,2018-04-06 16:27:35,religious,online_small,cat,,,,manufacturer,,0.0
30c1778642a506dbd803a0fa5ece533e,2017-09-18,22c29808c4f815213303f8933030604c,organic_search,157497483bb7876340ea4441c9bd1774,2018-08-20 17:50:56,pet,industry,wolf,,,50-200,reseller,50.0,300000.0
95f2351eb791917e3e1cee823cf25969,2018-04-18,33751088e4687d1b6b2424b9e5e67979,unknown,b031973a2fadbc89767531a45ca39e40,2018-04-27 16:17:37,health_beauty,offline,cat,,,,reseller,,0.0
4388a23da67b154b780b78dd7ea4636e,2018-03-03,f017be4dbf86243af5c1ebed0cff36a2,organic_search,0255dc67cb6bad298606136951ab1877,2018-03-06 18:49:03,computers,online_medium,wolf,,,,reseller,,0.0
c262b62c257bb4e97a9618c9bf4bacf5,2018-04-19,d28554990d8c5273fedfde51f1f8a59d,email,a2d528e2abdf88afe0d245519b3b3d65,2018-04-30 03:00:00,car_accessories,industry,eagle,,,,manufacturer,,0.0
8661d5d36e6ade1beb145e7154f96310,2018-04-24,5dc848e7dd9418dffe183215b8ff0bc1,paid_search,791a644d62fbd7a1fdabda6fc610bf33,2018-04-25 19:19:08,car_accessories,industry,shark,,,,manufacturer,,0.0
d0dde222e608c66b65d44776bd8b4092,2018-03-16,e492ee5eaf1697716985cc6f33f9cd9b,organic_search,df1183c2b82ee7ce304ed60ced00949c,2018-04-13 11:56:52,health_beauty,offline,cat,,,,reseller,,0.0
33bedbbf5f4322acc36ecf15bd34cc57,2018-01-20,ee3c3bad6ed3eb9d5de56688d1f9c91b,unknown,0ffe89723de9b21041556d02e9b21a8b,2018-01-25 15:03:55,home_decor,online_medium,,,,,reseller,,0.0
efe655d620d2d3d55ab8b2b6c86a945d,2018-02-19,40dec9f3d5259a3d2dbcdab2114fae47,paid_search,414cc02d780baaa13439c37bd89641ef,2018-02-26 18:32:05,car_accessories,online_medium,cat,,,,reseller,,0.0
b6b8870c2b130a562fbe89fb0bb9518a,2018-01-23,40dec9f3d5259a3d2dbcdab2114fae47,paid_search,68175a6b26cdbc4b3a51ed5353276e4d,2018-01-31 20:47:51,home_office_furniture,industry,,,,,manufacturer,,0.0
356222b46d95b7fb1215f652ea9fd2f3,2018-03-07,da14b7e2eb0d1eecf65abbd05a31c87d,other_publicities,0b9164d3b23215d4dfee8a045a3a1b3d,2018-04-11 19:00:03,home_decor,offline,cat,,,,reseller,,0.0
b39ac02ff5021fed10cb9988a23d5d02,2017-08-17,1722481ac9e5371e5099dea226b5421d,social,7c7d0dee362960b1d9b01fe7284e19ba,2018-08-23 21:56:01,home_decor,online_small,shark,True,True,,manufacturer,400.0,300000.0
bc916355c4b4bff29473d27f0a214b84,2018-02-02,b76ef37428e6799c421989521c0e5077,unknown,9f716fbca2fbec913c646e6c60f25b60,2018-02-07 19:54:19,health_beauty,industry,,,,,reseller,,0.0
19d0170c5a9f7120fdcb2c34e9373f68,2018-05-02,58326e62183c14b0c03085c33b9fdc44,referral,b8cb8fd0484ee4f796b41e363dcd303d,2018-05-15 20:22:41,computers,offline,eagle,,,,reseller,,0.0
dc5cd6ec5b2df75ead63c98d5963e732,2018-02-01,b48ec5f3b04e9068441002a19df93c6c,organic_search,d82168bc00226dc72728bc957d2539bc,2018-07-17 17:02:36,handcrafted,online_small,cat,,,,manufacturer,,0.0
ac894bcbadb0692e692ba49e19bc219b,2018-04-07,40dec9f3d5259a3d2dbcdab2114fae47,paid_search,02df983480ff75ead8a031a3c7a849ad,2018-04-18 19:05:58,phone_mobile,offline,eagle,,,,reseller,,0.0
b9e0ea8939615cd9008530f5f4e5e54d,2018-01-18,da14b7e2eb0d1eecf65abbd05a31c87d,paid_search,4675c38ffdf3a0c9e9665f629c5c713b,2018-02-06 16:11:05,home_decor,online_medium,,,,,reseller,,0.0
f5baaf0afe419681731ec3d30dafd954,2018-04-30,1ec5f5ec77c51a968271b2ca9862907d,,fb6e76ca64c0cc2c2dee53219e685f4b,2018-05-10 19:26:38,games_consoles,online_big,cat,,,,reseller,,0.0
5b2aad03528f0d771e8332451010d045,2018-03-18,c35447dcd1a50b2e2ee3184be602b597,social,eaeec4fdcdc91ead735718ae9bebcd8e,2018-03-24 03:00:00,health_beauty,offline,cat,,,,manufacturer,,0.0
fea6d3c362395ffa975ea4fd8d5d8ebb,2018-03-09,f017be4dbf86243af5c1ebed0cff36a2,organic_search,9e96cf88816c531ac19a680a2fdb78a7,2018-03-14 12:14:58,home_office_furniture,online_big,eagle,,,,manufacturer,,0.0
6fec8c1ba9b9aa79bd26e09fc8aae3eb,2018-02-17,f017be4dbf86243af5c1ebed0cff36a2,organic_search,603bb4eeb3f0927e59e253357a9ca06b,2018-03-29 13:49:44,handcrafted,offline,cat,,,,manufacturer,,0.0
f4812a8b0f238b290cb25f11a975edf3,2018-02-23,40dec9f3d5259a3d2dbcdab2114fae47,paid_search,5e7730e8ae6bffdee755a8d31e6b77a4,2018-05-14 19:57:48,small_appliances,industry,wolf,,,,manufacturer,,0.0
d79c868179307f1cf78d0a12c56e2bf9,2017-09-23,22c29808c4f815213303f8933030604c,organic_search,25ca84afdd32ede184dba55631c55274,2018-08-30 12:32:15,computers,online_big,"shark, wolf",True,True,5-20,reseller,47.0,60000.0
a2de60ae969948c62475144651c21281,2018-03-29,22c29808c4f815213303f8933030604c,paid_search,08220245c361752c4f7bdc9a39821dbe,2018-04-05 15:11:12,car_accessories,online_medium,cat,,,,manufacturer,,0.0
f2e5f6f0caaa54cb5161d5cd753cf57f,2018-02-25,22c29808c4f815213303f8933030604c,direct_traffic,d622a61456dcbf4cc960221e15ac48b7,2018-02-28 18:22:11,baby,offline,eagle,,,,reseller,,0.0
2d425507027fe5ccf5e23dc6bf98af4b,2017-10-15,88740e65d5d6b056e0cda098e1ea6313,social,34fe2ce0770697c1b8b35c13a8e2f7d4,2018-08-17 19:29:47,watches,online_beginner,cat,True,True,5-20,reseller,12.0,1000.0
9af7ea3259a69623a41b6e8bf98a52b4,2018-05-21,22c29808c4f815213303f8933030604c,direct_traffic,1832c08bba48a37868d4093259e8c288,2018-10-31 19:17:57,home_decor,offline,cat,,True,20-50,reseller,120.0,60000.0
88a7d45c0b4b7c6d948ffff9e0be1de4,2018-01-08,22c29808c4f815213303f8933030604c,organic_search,49388b546c8a96b96e9f15b5980b1cd7,2018-03-12 16:40:42,bed_bath_table,online_beginner,wolf,,,,reseller,,0.0
2b35567523c67c1a9c32ef101ae7bc73,2018-03-14,2635743d5842a4475730345cf894efce,,7dd3be74c6cd6800d809935ff47bd3bf,2018-03-21 13:03:40,health_beauty,offline,cat,,,,manufacturer,,0.0
5ce2c548b89181fc2a9b18df3882603e,2018-03-20,40dec9f3d5259a3d2dbcdab2114fae47,unknown,5fff4dd813a9fe1ce972a80407e16457,2018-04-10 18:22:26,home_decor,online_beginner,cat,,,,manufacturer,,0.0
c9be6fa4a4d011709bfa79908b2a1238,2018-03-13,b76ef37428e6799c421989521c0e5077,unknown,465b4d6f3d04fac8957c6017541df171,2018-03-22 13:02:12,health_beauty,online_beginner,cat,,,,manufacturer,,0.0
e66292f43e32d3b92d2c00229a6afe55,2018-04-04,a7982125ff7aa3b2054c6e44f9d28522,organic_search,7614a7c196be837b0eba0a3811e51b29,2018-04-16 14:49:40,bed_bath_table,online_big,wolf,,,,manufacturer,,0.0
92c9627a1529f28cb04691b9fe1f6ec8,2018-01-03,b76ef37428e6799c421989521c0e5077,organic_search,63972c86dd9a38da4f3d8b5ccec2ee60,2018-07-13 19:46:12,jewerly,offline,,,,,reseller,,0.0
44c115ec4cfd1287a92e824ff941aa3e,2018-03-13,b76ef37428e6799c421989521c0e5077,unknown,493a261e134421b6d9d997900fa56a5f,2018-03-16 16:20:55,construction_tools_house_garden,online_big,wolf,,,,reseller,,0.0
1f539e92146eac32306bcb0f8ba374ec,2018-01-12,b76ef37428e6799c421989521c0e5077,unknown,8ff95b78fd27130aef0a3b68b7124c51,2018-02-23 11:40:05,party,offline,,,,,manufacturer,,0.0
6456e5e81dd87446f811df77548e6a6b,2018-05-12,ce1a65abd0973638f1c887a6efcfa82d,organic_search,76e8c36299440e255379b5fa7f03f272,2018-09-20 17:13:05,food_drink,offline,"cat, wolf",True,True,5-20,reseller,50.0,10000.0
e8caf5068d097fe43a132fbc1152bdd8,2018-04-09,908dad5b22342480f5cc055b8dd55e7e,email,26677ff8d8321b864317019c728ac010,2018-04-12 03:00:00,construction_tools_house_garden,online_medium,cat,,,,reseller,,0.0
058172f0764ed2bfad2c7aa7cb9ae15f,2018-05-18,ce1a65abd0973638f1c887a6efcfa82d,organic_search,8c818d927ba4145304edccf74293f8b6,2018-10-29 14:54:02,household_utilities,industry,eagle,,,,manufacturer,20.0,5000.0
b4994d8000b83caf4875f9cf28664194,2018-03-27,ce1a65abd0973638f1c887a6efcfa82d,organic_search,7ee00840eff17f731c41f35b12184c96,2018-07-13 21:58:39,computers,online_beginner,cat,,,,reseller,,0.0
df5f39b59210605db5d0afb2ddac38a6,2018-03-08,40dec9f3d5259a3d2dbcdab2114fae47,paid_search,f002671b6ff4042e52a52aaccba44c0e,2018-03-14 17:31:31,handcrafted,online_small,cat,,,,manufacturer,,0.0
d78e4f87a5a597a1c8f2663af303e65b,2018-05-28,b76ef37428e6799c421989521c0e5077,unknown,cb141ec6f444a4cb7a2400aaf80b6fc3,2018-07-02 17:20:22,health_beauty,online_medium,cat,,,,reseller,,0.0
ff3e7e5ca2f0e0d94bff1aabf7ed6ff3,2018-03-14,e9e396caabf546e0ff4f747b47538192,unknown,5084f696554075b9a98403b769f31cd5,2018-04-02 13:03:24,home_decor,online_medium,cat,,,,manufacturer,,0.0
ec2f34a30d5b87ed1d3e9de2741ddabc,2018-05-10,b76ef37428e6799c421989521c0e5077,unknown,246eefbebdc0c11402ec404e1589de43,2018-05-11 16:16:13,health_beauty,online_small,eagle,,,,manufacturer,,0.0
0a634763cc1a09532dd8cbf0e74e3d48,2018-04-20,58326e62183c14b0c03085c33b9fdc44,social,8c4e430c5e662c328d3c84d334871709,2018-07-13 17:38:49,pet,online_beginner,wolf,True,True,5-20,reseller,,0.0
b97dc9b1917a076d96da7c0ae4e2ed72,2018-05-11,22c29808c4f815213303f8933030604c,organic_search,376643e536ea9ab265065925112a876a,2018-05-17 03:00:00,household_utilities,industry,eagle,,,,manufacturer,,0.0
7f95cccd5ccfb40b086d93e209d08ebf,2018-03-14,a0fbc0263cb98bdb0d72b9f9f283a172,paid_search,b28c0625f1f26655cfa0f370be1164ac,2018-09-05 14:32:37,food_supplement,online_medium,eagle,True,True,1-5,reseller,1000.0,0.0
59d49e1ef1cc5496dfde1a1cc0c74004,2018-03-21,b76ef37428e6799c421989521c0e5077,unknown,196964603e568f36848694f9274a2acd,2018-05-02 13:39:20,music_instruments,online_small,eagle,,,,reseller,,0.0
ff8ee6aac61c11f16443646cdf467146,2018-04-06,22c29808c4f815213303f8933030604c,direct_traffic,7877194d40c496d36a88ae5957c5e7d1,2018-04-13 03:00:00,car_accessories,industry,cat,,,,manufacturer,,0.0
4c3419c75074a0734e4d1851aa66eb8b,2018-01-30,ce1a65abd0973638f1c887a6efcfa82d,organic_search,9ffca1681e7428db3d75eb4b69ee9599,2018-02-08 13:13:35,health_beauty,online_medium,,,,,manufacturer,,0.0
6ddd8f436b40ded89a268f4b38a30b35,2018-03-06,37cf94070e940a694969304de58debe1,unknown,164471825a8de8c31eb8cb9375b27243,2018-03-07 19:23:35,computers,online_medium,cat,,,,reseller,,0.0
3d2c7bb8be9ea80c1477b6778fbd2cf6,2018-05-12,1ceb590cd1e00c7ee95220971f82693d,paid_search,bd585fa4d871cd7600ec8a2b90c57a4e,2018-09-26 11:48:53,car_accessories,online_medium,"cat, wolf",True,True,unknown,reseller,700.0,50000.0
d54be8a176d25fedda751546f6276fb6,2018-02-28,65d9f9d71e562365e8b44037c2888d98,paid_search,0f5f7caa3e6a2b466fabe6bfaf25b06b,2018-03-26 17:04:23,audio_video_electronics,online_medium,cat,,,,reseller,,0.0
b02c6bdb3693e65bd8e9b75df65fe2c4,2018-05-01,35c9b150ab36fe584c1f24fd458c453a,paid_search,588e81a6924bcffd4e366453885e72b1,2018-10-26 17:06:53,audio_video_electronics,online_medium,eagle,,,,manufacturer,100.0,0.0
e77cae9fcdb3fd588d797921ac663823,2018-04-24,58326e62183c14b0c03085c33b9fdc44,social,a31ed365258882cc2a1e25d6710704ea,2018-04-30 21:23:41,audio_video_electronics,online_medium,eagle,,,,reseller,,0.0
01409f7f7f2bd5ec0c1755b362e9db6e,2018-01-30,21a104c3279681d9856b8a48723c4fee,other_publicities,eada4a0629faf243de4159916c10cd1a,2018-03-06 18:14:08,health_beauty,online_big,cat,,,,reseller,,0.0
214ace4c93ff3e251c239e9d47d1517b,2018-04-13,58326e62183c14b0c03085c33b9fdc44,organic_search,0c1d290fe8e252b31ebc2ead30634efc,2018-04-18 12:45:01,health_beauty,online_medium,eagle,,,,reseller,,0.0
9dde4d7713ae64986ab6f5c9f9cf94d3,2018-04-28,22c29808c4f815213303f8933030604c,organic_search,c33e6d3ad32fd5bec1b0f2522f668213,2018-11-09 20:06:38,other,other,cat,,,,other,100.0,500000.0
07da1921cbc124b15d105b3e13d67eb5,2018-02-16,b76ef37428e6799c421989521c0e5077,unknown,fd5564b7d093f9d64d1a5f223dfe43bc,2018-04-06 12:13:08,car_accessories,offline,cat,,,,reseller,,0.0
b17d646e36f5fb120b2ea74c14d39f5c,2018-01-29,9cc4d8fda1533429ac126a2ddf4ebf11,referral,2e311c110b108aece4a48ab7165f28b3,2018-02-22 21:25:08,household_utilities,online_medium,,,,,reseller,,0.0
b4a52d5e8d7a56355abf7597fe5b2bbd,2018-04-02,36120633c8737035fbabf079082f4ec1,organic_search,da43bc6766501a2ad1aba35b09b7c9ac,2018-04-10 19:08:35,watches,offline,wolf,,,,reseller,,0.0
61681a30d47dc8b1ec5180ccdec26ba5,2018-01-24,30077c17f2ec5010a82e37ad8925b95f,,4a4da369ad50f14d48337aa52eb826f5,2018-01-29 15:09:03,health_beauty,online_medium,,,,,reseller,,0.0
b48c62590e6d0cda7b99d3c4053a412b,2018-03-29,b76ef37428e6799c421989521c0e5077,unknown,7f49fc7a8336278ab1287ed28d565258,2018-04-20 20:24:22,food_supplement,industry,cat,,,,manufacturer,,0.0
4f2a5cee950dff883ba2d52715c97bb3,2018-04-03,c70eb6fb5bd6e939b0d5ef32f21f61e8,direct_traffic,ae1e6f638fc33a9cdbc2871bf60c6635,2018-04-13 17:03:29,home_decor,online_medium,cat,,,,manufacturer,,0.0
0a55079ea003674ae2145b02f03ff27d,2018-03-25,fe82aeadeaea2186478fe6353d6d5301,paid_search,ae0728a2cb289dec6d1ceb0b7d6b82c5,2018-04-10 14:43:06,health_beauty,online_medium,cat,,,,reseller,,0.0
af727f4749d4bccd52b0d84bcd241a28,2018-03-28,2f08471dfb83baef522f952438a36f6e,paid_search,8cd5c90bb5fe7f2d779c81bfd6d9ffcf,2018-04-17 13:14:51,health_beauty,online_medium,cat,,,,reseller,,0.0
b2385ae6de2a909f2ad7b45f9922af69,2018-05-16,ce1a65abd0973638f1c887a6efcfa82d,organic_search,2d2f1c1a4f518137df3e4d8d5f57beae,2018-05-16 20:25:19,health_beauty,online_beginner,eagle,,,,manufacturer,,0.0
7c23287c6dd3acd5f4fae4175be75c7e,2018-01-23,22c29808c4f815213303f8933030604c,organic_search,106ebccfb024488d2dd7aac29c9a20a3,2018-02-05 15:04:41,computers,online_beginner,,,,,reseller,,0.0
5c2d8be7b4d5836ebf6e70455ba735df,2018-01-15,a7982125ff7aa3b2054c6e44f9d28522,organic_search,1ab0c07336fcfada1d031cf1c9718ca7,2018-06-12 18:59:26,health_beauty,online_big,,,,,reseller,,0.0
33ce1e734d9d50629fa2c36769285d53,2017-07-11,d41d8cd98f00b204e9800998ecf8427e,,53be10ff134691e94a4089b41c75874f,2018-09-11 13:14:37,construction_tools_house_garden,online_small,wolf,True,True,50-200,reseller,400.0,130000.0
a38a9af287823928c8b66b29dde21c29,2018-01-29,b76ef37428e6799c421989521c0e5077,organic_search,aa3d06427142ec11df8f7df0e159b71a,2018-02-21 14:54:47,household_utilities,industry,,,,,manufacturer,,0.0
8d31e1ca580336797fc5c552cc86b96b,2017-10-04,10f5ac17ed7d6ee9a7d737ac1d2fcb32,email,50ca38cf4312fde2e0d35f6169208b54,2018-05-18 17:17:42,home_decor,offline,eagle,,,,reseller,,0.0
c31cd9eb0233c998e5d682c4d826d8c6,2018-04-25,b76ef37428e6799c421989521c0e5077,unknown,e10575e8e45d5d8cedfc60d838ac286b,2018-04-30 20:57:42,gifts,online_medium,eagle,,,,reseller,,0.0
b13432d01614c9d18263698af2837e1e,2018-05-22,f017be4dbf86243af5c1ebed0cff36a2,email,429e2324ee8c0a95b565f78b465e8a07,2018-05-30 16:15:12,fashion_accessories,online_beginner,cat,,,,manufacturer,,0.0
c4b5d00fab66a49d63428f51800130eb,2018-04-18,b76ef37428e6799c421989521c0e5077,unknown,52c53edae0e04256ecf6c407608e7e09,2018-04-24 20:43:12,stationery,industry,eagle,,,,manufacturer,,0.0
c0fa242837c43fe0531989b269153441,2018-04-03,22c29808c4f815213303f8933030604c,organic_search,45a9bd664803609f452cce925e21d24d,2018-06-19 12:36:05,car_accessories,online_big,cat,,,,reseller,,0.0
cd1c758ef1fa8b3fa90d46efc6e4c66d,2018-04-25,9fa37f5177115156b1814ffc237402a6,paid_search,99d4602ff2c719a03c6d8df853ebedf8,2018-04-25 19:43:04,household_utilities,industry,cat,,,,manufacturer,,0.0
0ec14948e088cd74e70ad82de1128b3b,2017-08-16,87732658ba41d8775e8577df347a64db,social,d449188091598bf0dbd32c312570f168,2018-06-29 18:28:26,audio_video_electronics,offline,shark,,,,reseller,,0.0
7482d965e9c3156079b7ea6423fd41fa,2018-01-29,b76ef37428e6799c421989521c0e5077,unknown,a267686cbbbfe674d0834d3ad95df5bb,2018-03-28 16:16:34,health_beauty,industry,,,,,manufacturer,,0.0
90da5fb6873f5daa02586c51fec88189,2018-02-11,88740e65d5d6b056e0cda098e1ea6313,social,9f15313cc96cd611d45e63eab4170bf1,2018-03-02 12:58:05,car_accessories,online_medium,wolf,,,,reseller,,0.0
38cdcd4e817aad01e8408901fa10f392,2018-02-12,88740e65d5d6b056e0cda098e1ea6313,social,a1617fea9bff799a4d5b3db7a7baa713,2018-07-06 17:10:17,audio_video_electronics,online_medium,eagle,,,,reseller,,0.0
23b7bbab67f2caadba743ff405d27b5c,2018-05-15,22c29808c4f815213303f8933030604c,organic_search,abbc2aa191ecd8fbb5be1701d7bb6ef4,2018-05-21 20:17:38,sports_leisure,offline,cat,,,,manufacturer,,0.0
b368759b56dbed0f9e5818fe1f7ca8bd,2018-04-12,b76ef37428e6799c421989521c0e5077,unknown,65b6aa01895e9ddce79b482da06dda9d,2018-04-13 14:30:12,toys,online_medium,shark,,,,reseller,,0.0
1ad74caec14332594a6e910b3d183e87,2018-04-11,40dec9f3d5259a3d2dbcdab2114fae47,paid_search,8ed21f7ffec3a30e915d8e85eb3c4f72,2018-06-08 12:15:38,bed_bath_table,online_medium,eagle,,,,reseller,,0.0
5527123f5a35a024c0f3bf4689e76e7b,2018-02-19,f98c2bd96ac4a5d9476734e790c91384,organic_search,6a87cbc1ebb8046bb3a851059feb6df3,2018-10-18 16:27:51,home_decor,online_beginner,cat,True,False,50-200,manufacturer,1200.0,0.0
062eb81d4674705d10c8ecb848358cb3,2018-03-20,e2e67cce16ad4e30e1f8962402480f17,unknown,1c16af6213cf83914774c6490065da81,2018-04-04 18:42:57,bed_bath_table,online_medium,cat,,,,reseller,,0.0
a253f7f97019cf1a2c74eed3ce23db58,2018-03-12,b76ef37428e6799c421989521c0e5077,unknown,f1fd6779d8d9afe83f4135a22903f22b,2018-03-20 17:30:41,pet,industry,cat,,,,manufacturer,,0.0
f812d76fe4aaf25c32584b9597915c61,2018-03-02,dff49c1e54630a22f1ca28fcc02daca0,unknown,36637850ddda5031f5bcf5499dd955a3,2018-04-11 12:24:58,household_utilities,online_medium,cat,,,,reseller,,0.0
07f26c1e7d2873a9e6860909c00075c2,2018-05-08,22c29808c4f815213303f8933030604c,paid_search,134c69b4dff67e40a022dd8bf81e002e,2018-05-15 17:20:12,construction_tools_house_garden,offline,eagle,,,,reseller,,0.0
fa7482659fd71e6e233eadf4dbf3ed4e,2018-02-03,ce1a65abd0973638f1c887a6efcfa82d,unknown,bf1f3d5402ed867f05bed505a3b2a05a,2018-02-14 11:14:12,sports_leisure,offline,cat,,,,reseller,,0.0
a6bf24ce0939b46b6536e02a3d244cc3,2018-02-27,6b6c0934205e87702519d1cce24055f9,,ba87e2cbb33c1412290b8ccc37301672,2018-03-07 14:58:07,food_drink,industry,wolf,,,,manufacturer,,0.0
205a11a1b97d7e8bdb33aa6c36f3ef2a,2018-02-26,0e5a178e3cd2368607f3e72f46140476,direct_traffic,758fbe94c656fc484d204e7d60808484,2018-03-09 17:59:38,construction_tools_house_garden,online_medium,cat,,,,reseller,,0.0
5ac050d44e6476acecf88969950cf3a2,2018-01-30,22c29808c4f815213303f8933030604c,organic_search,85222e25007ce95bf79c00f643d1e436,2018-02-09 15:37:08,health_beauty,offline,,,,,manufacturer,,0.0
baf5ecd84c6a8766519b98f66eec1511,2018-05-10,6dca9fc31d8a95cdbcfafcc307012768,,e5d7bbbca541b3b39e1649f94074b963,2018-06-11 21:01:55,health_beauty,online_big,cat,,,,reseller,,0.0
7e4bb8c8f3bdcbece5996f24ba507120,2017-10-12,a7982125ff7aa3b2054c6e44f9d28522,paid_search,843c73eda46e28b278031033b616bc8e,2018-08-14 14:48:04,home_decor,industry,wolf,True,True,,manufacturer,100.0,0.0
b4abf3d319afe2544a5dd0966141ef10,2018-03-07,b6885f18d203a61176418c1fb3764815,paid_search,876300c1c122f7fafd3ba74a478221f4,2018-08-17 03:00:00,audio_video_electronics,online_medium,cat,True,,1-5,reseller,2.0,20000.0
ee68544f42eef8386730823cff7446cc,2018-04-11,d83b0d0e48c8447d1d5507a44027a955,paid_search,8f28d70a98ca556691300d08ebdddc88,2018-04-13 20:51:13,home_decor,online_big,cat,,,,manufacturer,,0.0
af8ba6e9ccdd2960424f19b3cfb54baf,2018-04-13,b76ef37428e6799c421989521c0e5077,unknown,e6341a38a2e15b8834ac0410015547e4,2018-04-20 17:53:11,health_beauty,industry,cat,,,,reseller,,0.0
7f1a58f7b373d68560c1cf8e340e87ae,2018-02-28,f017be4dbf86243af5c1ebed0cff36a2,organic_search,0b7589387392dd2e2458f86606aa2a99,2018-07-26 16:15:33,car_accessories,online_medium,cat,,,,reseller,,0.0
d636a570e9dc6d962ffce7426b8b53ad,2018-05-29,58326e62183c14b0c03085c33b9fdc44,social,75e645bd511287258a5afc20acd4e338,2018-06-28 12:33:50,bags_backpacks,offline,eagle,,,,manufacturer,,0.0
cb0f32260247ecac66b2954d6320f6be,2018-01-25,22c29808c4f815213303f8933030604c,organic_search,7e165d0fd266781dbf944faf150e265b,2018-09-10 18:10:00,home_decor,online_big,wolf,True,True,5-20,manufacturer,550.0,120000.0
962ebbfe9e9c53b566b6c107b19f4bba,2018-01-07,ce1a65abd0973638f1c887a6efcfa82d,direct_traffic,da3b4c4b11a5be0f29634d1e6bb7dce0,2018-01-19 11:26:39,health_beauty,online_medium,,,,,reseller,,0.0
ce721edac2d10ef0b2ee26c40924d7a5,2017-12-20,b76ef37428e6799c421989521c0e5077,unknown,710b15ab273348b3db04d636937061c3,2018-11-06 19:41:39,household_utilities,online_medium,"cat, wolf",True,True,,reseller,50.0,8000.0
2f9e00b759f8d090d2d2ecae1347104f,2018-03-07,b76ef37428e6799c421989521c0e5077,organic_search,fe3d2c21fe1b15298d60a0792621ddf8,2018-04-06 16:43:28,car_accessories,industry,eagle,,,,reseller,,0.0
ee577c86d39b672b84ced795d14380dc,2018-01-10,22c29808c4f815213303f8933030604c,organic_search,6836558ca75302628900564ce7c67cf9,2018-01-15 18:05:41,fashion_accessories,online_top,,,,,manufacturer,,0.0
87db7aea88a3ae9304944ae954c6a420,2017-11-10,ce1a65abd0973638f1c887a6efcfa82d,paid_search,7c8a7bb451a5a4e8813352670a8b9a22,2018-05-08 17:42:04,household_utilities,online_medium,cat,,,,reseller,,0.0
5f87a3fcca7c117d0f4186749a5c6c59,2018-02-20,7fa6214d82e911d070f51ef79381b956,direct_traffic,df6a52d41f39ce14aa6df3af06e98e71,2018-03-14 17:18:59,health_beauty,online_medium,eagle,,,,reseller,,0.0
d15288d9955379f7bde91577c9177310,2018-02-16,b76ef37428e6799c421989521c0e5077,unknown,6cbd0872de0e3e92a1b90f229aac6e61,2018-03-02 13:54:02,home_decor,online_medium,wolf,,,,reseller,,0.0
a3980fc1d4915887bc4b815080e58a00,2018-02-14,ce1a65abd0973638f1c887a6efcfa82d,organic_search,611aa09794938387efe774f5abf64c03,2018-04-30 21:29:27,home_decor,online_medium,cat,,,,reseller,,0.0
af37f5b0de67364f54d9b53d8e8afbfa,2017-12-05,22c29808c4f815213303f8933030604c,organic_search,27bcbf1bcae4a9c14c54627933160f37,2018-07-09 14:53:03,home_decor,industry,cat,True,True,200+,manufacturer,,0.0
660110aa3162f77605b07eec19f1e20a,2018-04-12,b76ef37428e6799c421989521c0e5077,paid_search,dbc7e4c98a58fa8731412f4da2f43cb4,2018-04-24 03:00:00,household_utilities,online_beginner,cat,,,,reseller,,0.0
c2385a5e739790f3b8c1d459abee3e5b,2018-03-12,30077c17f2ec5010a82e37ad8925b95f,organic_search,7aa286758114fcd93df587a1e23301ed,2018-03-12 18:45:13,handcrafted,online_medium,cat,,,,manufacturer,,0.0
a8aa308791fc464208fb025038454c24,2018-05-11,40dec9f3d5259a3d2dbcdab2114fae47,organic_search,818d9691c76fabaf6b491f6a9baefad9,2018-06-01 02:32:00,home_decor,online_big,cat,,,,manufacturer,,0.0
144194b941960b62a1217cc9d27ebdbe,2018-03-22,b76ef37428e6799c421989521c0e5077,unknown,a46cc8988e2dc21616cc0b2cec80be4b,2018-03-27 13:27:01,construction_tools_house_garden,industry,cat,,,,manufacturer,,0.0
7e0a3b03133c5c75330162fee599e5f5,2017-12-07,7fa6214d82e911d070f51ef79381b956,organic_search,bb2eca0468c9088bd9a146c8d6c72e0b,2018-01-16 13:16:45,construction_tools_house_garden,online_beginner,,,,,reseller,,0.0
de0fcd75c97ecea4ebbb534ea6476743,2018-04-03,b76ef37428e6799c421989521c0e5077,unknown,639541c9c4a8a5b34424cac6f81f6be7,2018-04-10 12:30:33,phone_mobile,online_medium,cat,,,,reseller,,0.0
c2102c66aa81e5c07f72cd88e46d091d,2018-05-11,b76ef37428e6799c421989521c0e5077,unknown,649d307ba392e2cc6cedc7888f51923d,2018-05-14 14:24:45,car_accessories,offline,cat,,,,reseller,,0.0
7720c6892d447539b71d8bd9e4d1ef60,2018-03-12,ce1a65abd0973638f1c887a6efcfa82d,organic_search,3786da2e9afd5d55617521bd1685dec0,2018-10-01 17:47:09,toys,online_medium,"eagle, cat",True,True,unknown,reseller,300.0,25000.0
21dd2bb7a4d988443cb303e42afb8316,2018-02-16,fbc24da54d531c6204ae2d17b1090bb1,paid_search,b7bff8fe73a12a5e844c7d83ee1202ff,2018-03-07 19:17:31,small_appliances,online_small,cat,,,,manufacturer,,0.0
f0affe8ec1361efcafd1816b5b1c2426,2018-01-19,88740e65d5d6b056e0cda098e1ea6313,social,09175f552e7526624e8100bdc8d0c92d,2018-02-22 16:22:07,food_drink,offline,,,,,reseller,,0.0
c6a3a2c5533022519407029f38d214fa,2018-02-06,b76ef37428e6799c421989521c0e5077,unknown,a84e05448dd8286412b96fddf603db26,2018-03-14 03:00:00,sports_leisure,online_medium,cat,,,,manufacturer,,0.0
a57bf18e19b6b17e3d4fbc20561e2055,2017-09-01,3c5cc1a2e1d86abfce2a16a1bcc80e26,organic_search,2a17b229ca84523393b003b7e0bfae63,2018-08-20 14:41:13,toys,online_small,"eagle, cat",True,False,unknown,manufacturer,100.0,50000.0
ce518001633ca4e1f2ae4b02f4dcb11f,2018-01-30,22c29808c4f815213303f8933030604c,organic_search,741eb1606348f827baeb4c099fcf1bdd,2018-02-06 20:18:28,food_supplement,offline,,,,,reseller,,0.0
9542f2f27285580fe8d6aa82e179ed28,2018-01-18,b3346ddd5d7b2edda306d8f531e58660,,a359ed4a476430e29909d1415ecacb1d,2018-01-19 13:12:10,home_decor,online_medium,,,,,reseller,,0.0
878c57ac87b8629049a172596fb9a67d,2018-04-17,5963a9ba5d6c9af62cba5a9ac76f263d,organic_search,8b286dd43c391bc2d763668067eca963,2018-05-22 12:54:36,food_supplement,industry,cat,,,,manufacturer,,0.0
b7f3b8bcd964f9e44b212cceabacf877,2018-05-22,b76ef37428e6799c421989521c0e5077,unknown,07a9a154056e210f17bbacd5e30c024c,2018-06-04 00:00:00,bed_bath_table,industry,cat,,,,manufacturer,,0.0
ea36a38cfad96a89e2614f339f909549,2018-02-18,88740e65d5d6b056e0cda098e1ea6313,social,f0418a194da21de7cd01336b10be11a7,2018-02-20 12:17:26,construction_tools_house_garden,industry,eagle,,,,reseller,,0.0
ebcdc4e2a7e73118fab4921b78200b2b,2018-03-12,22c29808c4f815213303f8933030604c,organic_search,fcc29f9f37cfd89db0038d8de7f97f08,2018-03-13 20:12:45,sports_leisure,online_big,cat,,,,reseller,,0.0
100a1f43c56bb71781a2231a79900488,2018-05-06,58326e62183c14b0c03085c33b9fdc44,social,297be0a3c196d803e4e4f013432be4e1,2018-07-30 14:02:01,home_decor,online_beginner,eagle,,,,manufacturer,,0.0
3434cfa4a17f019a5aae78ee0bec24bf,2018-02-13,22c29808c4f815213303f8933030604c,direct_traffic,9ba337a47628f9761b6bb3939a3f97a9,2018-02-26 14:44:04,home_decor,industry,eagle,,,,,,0.0
2852475bf1d02022e4eb5269c452259a,2018-01-06,a7982125ff7aa3b2054c6e44f9d28522,organic_search,1a47a5831effd926ad6bee7ab8beb86c,2018-06-29 17:54:16,home_decor,online_medium,wolf,,,,reseller,,0.0
5a85461739094491a96bb30267640454,2018-03-19,c35447dcd1a50b2e2ee3184be602b597,social,1cd757f0f38c0847a2f05717d18b8d92,2018-05-18 12:38:36,computers,industry,cat,,,,reseller,,0.0
76609909f975f3db5b8e50e4cb9ec136,2018-03-13,b6885f18d203a61176418c1fb3764815,paid_search,b2d462f41b6b46b0569b20a8a4ebfcae,2018-05-29 18:53:31,health_beauty,online_medium,cat,,,,reseller,,0.0
d5cb61eef98bd237e41bc2225263f823,2018-02-25,f017be4dbf86243af5c1ebed0cff36a2,paid_search,7e1f0755f1c75e301dfa37c21fd01efe,2018-11-12 19:17:25,other,other,"eagle, wolf",True,True,5-20,other,305.0,120000.0
9c2bfd97ce00ce9553bdc0f34c3532b6,2018-05-23,1ceb590cd1e00c7ee95220971f82693d,paid_search,ae9cf62cf691b753d4f0d3d40731cc3c,2018-09-10 20:48:01,health_beauty,online_medium,shark,True,True,50-200,reseller,300.0,0.0
3223fed48f30bbdc0f6040b466516bcb,2018-01-11,b76ef37428e6799c421989521c0e5077,unknown,0d7d5bca59d45d750fb7913b974e9d08,2018-10-30 11:54:22,construction_tools_house_garden,online_big,shark,True,True,,manufacturer,10.0,250000.0
4b650319cca0b2d0480d58b5c6451a28,2018-04-05,40dec9f3d5259a3d2dbcdab2114fae47,paid_search,708cc2c4ffdd3307d5cdee0d7387307b,2018-04-06 16:52:50,audio_video_electronics,online_medium,cat,,,,reseller,,0.0
513622713be8b84fd8d5b783f6fc82b5,2017-11-23,88740e65d5d6b056e0cda098e1ea6313,social,c65fb4ec11e8d18c95ef150885418aea,2018-02-15 11:27:17,household_utilities,online_beginner,,,,,reseller,,0.0
7d4b139b99fa4e14170492f54032c321,2018-02-17,22c29808c4f815213303f8933030604c,paid_search,3ffabd7292c755d5cebe5b2d6350b850,2018-02-21 13:27:48,phone_mobile,online_big,cat,,,,reseller,,0.0
b3d72af547b23265305eda666dd749f9,2018-01-28,7fa6214d82e911d070f51ef79381b956,organic_search,d984b175957d0e67bc5bf232285ac792,2018-02-05 12:51:36,books,online_medium,,,,,reseller,,0.0
9e7c75dad869b2691a339a70cf105f0e,2018-03-13,e022029a28bad406d6f3e74512ebebc2,other,f4d969837a2957bb052a71af7d39fc91,2018-03-26 14:03:55,bed_bath_table,online_beginner,cat,,,,reseller,,0.0
1db2d761017113fbfd4246f0402ac4e0,2018-01-04,ce1a65abd0973638f1c887a6efcfa82d,organic_search,f1340f6d3347d9fae747fc3d236a2e41,2018-07-17 20:12:39,car_accessories,online_medium,,,,,reseller,,0.0
dbc6f53e8aa4b30d61366ddc81b17a91,2018-04-02,b76ef37428e6799c421989521c0e5077,paid_search,7bfe1c6d7a61cccc48bbbebe206390a9,2018-04-06 20:40:05,household_utilities,online_medium,cat,,,,reseller,,0.0
72477e4cbc223fd605cdf76361cbe0a6,2018-02-14,b76ef37428e6799c421989521c0e5077,unknown,a9f81449e8f8a47f6c67e5a43b40ed04,2018-03-01 21:03:12,food_drink,industry,eagle,,,,manufacturer,,0.0
512f3a7ea5520eae3b54a77c0497489e,2017-12-01,ffc62d6945fd1423539ec6d96326c37c,display,2a1a7b9bb186aba4e126ec76f9607237,2017-12-05 02:00:00,computers,offline,,,,,reseller,,0.0
b3d5cd16656bd872844d94e6c00ac9f3,2018-03-26,fa5a0151e1f37d0055a3478fbb48827a,paid_search,eeb3e4d4f423780ab2acfe23ea0d5e49,2018-03-29 19:37:01,food_supplement,online_small,eagle,,,,reseller,,0.0
f8e1b8b3a3fe9b27a64dfcaaa8fc6054,2018-01-24,0f7f8ed9a1db8fc2a42e273972db10d4,organic_search,b6392ab5fdb153fb3c6c7c0e174cdc29,2018-04-04 20:33:19,audio_video_electronics,online_medium,,,,,reseller,,0.0
e7f70a2ff45e44c7399bebacf3e4771d,2018-01-28,22c29808c4f815213303f8933030604c,organic_search,b21768cfefb49b94e9bcd38037e93d1f,2018-02-09 12:16:16,car_accessories,online_medium,,,,,manufacturer,,0.0
df9a2abe2ad3f2d8758b675ac8331ecf,2018-03-28,a7982125ff7aa3b2054c6e44f9d28522,organic_search,bfcc27719640628da877db48b672b169,2018-08-01 20:22:31,home_decor,offline,cat,,,,reseller,,0.0
8723201570415eb23b4f095d8c20a27c,2018-05-18,b76ef37428e6799c421989521c0e5077,organic_search,4a82eab98441aeb64566e2776c1fb2b6,2018-09-27 18:58:41,construction_tools_house_garden,online_big,wolf,,,,reseller,132.0,200000.0
2e57665b8faf05c967a801eb5aedfa0a,2018-05-25,40dec9f3d5259a3d2dbcdab2114fae47,paid_search,55031883943971ca22db6894574cfe2c,2018-06-06 20:15:26,computers,online_medium,wolf,,,,reseller,,0.0
40955be51cc85c5a5a6cdd12b19e9f10,2018-02-04,88740e65d5d6b056e0cda098e1ea6313,social,c0e933c238e41f0cd459d6025ee9b364,2018-03-06 15:52:23,pet,online_beginner,cat,,,,reseller,,0.0
8a6492305a5fbcdcdd1a7f5a90764c07,2018-01-11,b76ef37428e6799c421989521c0e5077,direct_traffic,1bba9c94eb5c4e82fba9f7286fe81025,2018-05-02 13:31:32,household_utilities,industry,eagle,,,,manufacturer,,0.0
